	loss	arch	us	ds	us_epochs	us_lr	us_bs	us_wd	ds_epochs	ds_lr	ds_bs	ds_wd	zero	1	5	10	20	full	100	200
0	CLIP	RN50	CC3m	DTD	16	0.001	512	0.1	64	3E-06	32	0.1	2.34	2.128	1.915	2.181	6.649	21.011		
1	CLIP	RN50	CC3m	DTD	16	0.001	512	0.1	64	3E-06	64	0.1	2.34	2.234	2.021	1.809	3.936	12.713		
2	CLIP	RN50	CC3m	DTD	16	0.001	512	0.1	64	3E-06	128	0.1	2.34	2.234	2.021	1.968	2.287	6.33		
3	CLIP	RN50	CC3m	DTD	16	0.001	512	0.1	64	1E-05	32	0.1	2.34	2.128	5.585	15.532	33.617	50.372		
4	CLIP	RN50	CC3m	DTD	16	0.001	512	0.1	64	1E-05	64	0.1	2.34	2.234	2.021	8.564	24.149	43.032		
5	CLIP	RN50	CC3m	DTD	16	0.001	512	0.1	64	1E-05	128	0.1	2.34	2.234	2.021	1.968	15.851	33.245		
6	CLIP	RN50	CC3m	DTD	16	0.001	512	0.1	64	3E-05	32	0.1	2.34	2.128	22.819	37.394	52.394	62.5		
7	CLIP	RN50	CC3m	DTD	16	0.001	512	0.1	64	3E-05	64	0.1	2.34	2.234	6.649	31.543	47.394	59.787		
8	CLIP	RN50	CC3m	DTD	16	0.001	512	0.1	64	3E-05	128	0.1	2.34	2.234	2.021	9.415	41.915	56.702		
9	CLIP	RN50	CC3m	DTD	16	0.001	512	0.1	64	0.0001	32	0.1	2.34	2.553	36.064	46.17	56.968	65.213		
10	CLIP	RN50	CC3m	DTD	16	0.001	512	0.1	64	0.0001	64	0.1	2.34	2.234	25.798	43.617	56.223	63.883		
11	CLIP	RN50	CC3m	DTD	16	0.001	512	0.1	64	0.0001	128	0.1	2.34	2.234	7.819	34.362	53.723	63.138		
12	CLIP	RN50	CC3m	DTD	16	0.001	512	0.1	128	3E-06	32	0.1	2.34	2.128	2.713	7.181	20.904	38.723		
13	CLIP	RN50	CC3m	DTD	16	0.001	512	0.1	128	3E-06	64	0.1	2.34	2.234	2.021	4.309	12.819	29.84		
14	CLIP	RN50	CC3m	DTD	16	0.001	512	0.1	128	3E-06	128	0.1	2.34	2.234	2.021	2.34	6.489	20.053		
15	CLIP	RN50	CC3m	DTD	16	0.001	512	0.1	128	1E-05	32	0.1	2.34	2.128	15.532	30.319	47.713	59.734		
16	CLIP	RN50	CC3m	DTD	16	0.001	512	0.1	128	1E-05	64	0.1	2.34	2.234	9.202	23.404	41.596	56.064		
17	CLIP	RN50	CC3m	DTD	16	0.001	512	0.1	128	1E-05	128	0.1	2.34	2.234	2.074	14.787	33.723	50.266		
18	CLIP	RN50	CC3m	DTD	16	0.001	512	0.1	128	3E-05	32	0.1	2.34	2.979	32.766	44.255	55.957	64.681		
19	CLIP	RN50	CC3m	DTD	16	0.001	512	0.1	128	3E-05	64	0.1	2.34	2.234	28.138	41.33	54.521	63.67		
20	CLIP	RN50	CC3m	DTD	16	0.001	512	0.1	128	3E-05	128	0.1	2.34	2.234	9.894	37.074	51.596	62.181		
21	CLIP	RN50	CC3m	DTD	16	0.001	512	0.1	128	0.0001	32	0.1	2.34	9.202	38.404	46.862	57.021	64.84		
22	CLIP	RN50	CC3m	DTD	16	0.001	512	0.1	128	0.0001	64	0.1	2.34	3.83	36.383	47.181	57.34	65.106		
23	CLIP	RN50	CC3m	DTD	16	0.001	512	0.1	128	0.0001	128	0.1	2.34	3.83	29.468	44.521	56.755	64.84		
24	CLIP	RN50	CC3m	CIFAR100	16	0.001	512	0.1	64	3E-06	32	0.1	13.77	18.43	21.07	23.1	26.34	61.16		
25	CLIP	RN50	CC3m	CIFAR100	16	0.001	512	0.1	64	3E-06	64	0.1	13.74	18.71	19.99	21.79	24.67	57.89		
26	CLIP	RN50	CC3m	CIFAR100	16	0.001	512	0.1	64	3E-06	128	0.1	13.74	18.75	18.66	20.83	23.01	53.82		
27	CLIP	RN50	CC3m	CIFAR100	16	0.001	512	0.1	64	1E-05	32	0.1	13.77	18.44	24.72	29.09	37.71	71.92		
28	CLIP	RN50	CC3m	CIFAR100	16	0.001	512	0.1	64	1E-05	64	0.1	13.74	18.72	23.27	26.73	33.06	69.37		
29	CLIP	RN50	CC3m	CIFAR100	16	0.001	512	0.1	64	1E-05	128	0.1	13.74	18.76	19.98	25.17	28.77	66.48		
30	CLIP	RN50	CC3m	CIFAR100	16	0.001	512	0.1	64	3E-05	32	0.1	13.77	21.22	31.52	39.54	47.6	78.88		
31	CLIP	RN50	CC3m	CIFAR100	16	0.001	512	0.1	64	3E-05	64	0.1	13.74	18.72	27.1	36.72	44.6	76.84		
32	CLIP	RN50	CC3m	CIFAR100	16	0.001	512	0.1	64	3E-05	128	0.1	13.74	18.81	23.37	33.15	41.23	74.76		
33	CLIP	RN50	CC3m	CIFAR100	16	0.001	512	0.1	64	0.0001	32	0.1	13.77	22.64	36.74	45.38	52.38	82.32		
34	CLIP	RN50	CC3m	CIFAR100	16	0.001	512	0.1	64	0.0001	64	0.1	13.74	21.35	34.84	43.99	52.09	81.58		
35	CLIP	RN50	CC3m	CIFAR100	16	0.001	512	0.1	64	0.0001	128	0.1	13.74	19.06	28.35	41.97	50.01	80.34		
36	CLIP	RN50	CC3m	CIFAR100	16	0.001	512	0.1	128	3E-06	32	0.1	13.77	19.39	23.54	26.25	31.49	67.95		
37	CLIP	RN50	CC3m	CIFAR100	16	0.001	512	0.1	128	3E-06	64	0.1	13.74	18.71	21.86	24.04	27.95	65.34		
38	CLIP	RN50	CC3m	CIFAR100	16	0.001	512	0.1	128	3E-06	128	0.1	13.74	18.75	20.53	22.83	26.12	61.72		
39	CLIP	RN50	CC3m	CIFAR100	16	0.001	512	0.1	128	1E-05	32	0.1	13.77	22.73	28.11	36.78	44.16	76.73		
40	CLIP	RN50	CC3m	CIFAR100	16	0.001	512	0.1	128	1E-05	64	0.1	13.74	19.63	25.65	32.69	40.99	74.15		
41	CLIP	RN50	CC3m	CIFAR100	16	0.001	512	0.1	128	1E-05	128	0.1	13.74	18.76	24.13	29.14	37.08	72.23		
42	CLIP	RN50	CC3m	CIFAR100	16	0.001	512	0.1	128	3E-05	32	0.1	13.77	23.83	36.41	43.77	51.77	81.49		
43	CLIP	RN50	CC3m	CIFAR100	16	0.001	512	0.1	128	3E-05	64	0.1	13.74	21.96	33.91	42.31	49.88	80.2		
44	CLIP	RN50	CC3m	CIFAR100	16	0.001	512	0.1	128	3E-05	128	0.1	13.74	19.91	30.48	39.9	47.69	78.8		
45	CLIP	RN50	CC3m	CIFAR100	16	0.001	512	0.1	128	0.0001	32	0.1	13.77	22.71	37.32	45.16	51.67	83.45		
46	CLIP	RN50	CC3m	CIFAR100	16	0.001	512	0.1	128	0.0001	64	0.1	13.74	23	36.73	45.21	52.23	82.35		
47	CLIP	RN50	CC3m	CIFAR100	16	0.001	512	0.1	128	0.0001	128	0.1	13.74	22.27	36.08	44.72	52.26	81.81		
48	CLIP	RN50	CC12m	DTD	16	0.001	1024	0.1	64	1E-05	32	0.1	2.66	2.926	7.128	16.064	32.447	48.245		
49	CLIP	RN50	CC12m	DTD	16	0.001	1024	0.1	64	1E-05	64	0.1	2.66	2.766	3.351	11.117	25.213	41.277		
50	CLIP	RN50	CC12m	DTD	16	0.001	1024	0.1	64	1E-05	128	0.1	2.66	2.766	2.872	3.83	16.649	33.245		
51	CLIP	RN50	CC12m	DTD	16	0.001	1024	0.1	64	3E-05	32	0.1	2.66	3.138	21.543	35.266	49.947	61.117		
52	CLIP	RN50	CC12m	DTD	16	0.001	1024	0.1	64	3E-05	64	0.1	2.66	2.766	7.926	29.734	46.702	58.032		
53	CLIP	RN50	CC12m	DTD	16	0.001	1024	0.1	64	3E-05	128	0.1	2.66	2.766	3.457	11.436	39.947	54.043		
54	CLIP	RN50	CC12m	DTD	16	0.001	1024	0.1	64	0.0001	32	0.1	2.66	4.894	33.936	44.947	55.585	65.266		
55	CLIP	RN50	CC12m	DTD	16	0.001	1024	0.1	64	0.0001	64	0.1	2.66	3.245	24.628	42.819	54.84	64.521		
56	CLIP	RN50	CC12m	DTD	16	0.001	1024	0.1	64	0.0001	128	0.1	2.66	3.245	9.149	33.191	52.34	63.777		
57	CLIP	RN50	CC12m	DTD	16	0.001	1024	0.1	128	1E-05	32	0.1	2.66	3.457	15.532	28.936	45.851	57.553		
58	CLIP	RN50	CC12m	DTD	16	0.001	1024	0.1	128	1E-05	64	0.1	2.66	3.032	10.957	23.085	39.894	53.723		
59	CLIP	RN50	CC12m	DTD	16	0.001	1024	0.1	128	1E-05	128	0.1	2.66	3.032	3.777	16.649	32.5	47.553		
60	CLIP	RN50	CC12m	DTD	16	0.001	1024	0.1	128	3E-05	32	0.1	2.66	5.372	29.84	42.34	53.883	64.84		
61	CLIP	RN50	CC12m	DTD	16	0.001	1024	0.1	128	3E-05	64	0.1	2.66	3.245	26.117	39.574	51.968	63.032		
62	CLIP	RN50	CC12m	DTD	16	0.001	1024	0.1	128	3E-05	128	0.1	2.66	3.245	11.223	35.426	49.362	60.372		
63	CLIP	RN50	CC12m	DTD	16	0.001	1024	0.1	128	0.0001	32	0.1	2.66	11.383	38.245	48.191	56.968	64.84		
64	CLIP	RN50	CC12m	DTD	16	0.001	1024	0.1	128	0.0001	64	0.1	2.66	2.766	36.011	46.277	56.17	65.851		
65	CLIP	RN50	CC12m	DTD	16	0.001	1024	0.1	128	0.0001	128	0.1	2.66	6.17	27.021	43.883	55	65.532		
66	CLIP	RN50	CC12m	CIFAR100	16	0.001	1024	0.1	64	1E-05	32	0.1	13.92	18.93	24.77	27.91	35.71	71.09		
67	CLIP	RN50	CC12m	CIFAR100	16	0.001	1024	0.1	64	1E-05	64	0.1	13.92	18.09	23.69	26.51	31.8	68.49		
68	CLIP	RN50	CC12m	CIFAR100	16	0.001	1024	0.1	64	1E-05	128	0.1	13.92	18.21	20.87	24.99	28.41	65.29		
69	CLIP	RN50	CC12m	CIFAR100	16	0.001	1024	0.1	64	3E-05	32	0.1	13.92	21.18	29.51	38.73	46.69	78.35		
70	CLIP	RN50	CC12m	CIFAR100	16	0.001	1024	0.1	64	3E-05	64	0.1	13.92	19.4	27.25	35.22	43.7	76.79		
71	CLIP	RN50	CC12m	CIFAR100	16	0.001	1024	0.1	64	3E-05	128	0.1	13.92	18.28	23.79	31.21	39.71	74.18		
72	CLIP	RN50	CC12m	CIFAR100	16	0.001	1024	0.1	64	0.0001	32	0.1	13.92	22.92	36	44.69	52.2	81.99		
73	CLIP	RN50	CC12m	CIFAR100	16	0.001	1024	0.1	64	0.0001	64	0.1	13.92	22	34.63	42.69	50.86	81.05		
74	CLIP	RN50	CC12m	CIFAR100	16	0.001	1024	0.1	64	0.0001	128	0.1	13.92	19.85	27.65	40.16	48.99	80.2		
75	CLIP	RN50	CC12m	CIFAR100	16	0.001	1024	0.1	128	1E-05	32	0.1	13.92	22.86	27.47	34.45	43.05	76.28		
76	CLIP	RN50	CC12m	CIFAR100	16	0.001	1024	0.1	128	1E-05	64	0.1	13.92	20.01	25.22	31.23	39.7	74.12		
77	CLIP	RN50	CC12m	CIFAR100	16	0.001	1024	0.1	128	1E-05	128	0.1	13.92	18.21	24.59	28.01	35.16	71.36		
78	CLIP	RN50	CC12m	CIFAR100	16	0.001	1024	0.1	128	3E-05	32	0.1	13.92	23.04	35.26	43.23	51.02	81		
79	CLIP	RN50	CC12m	CIFAR100	16	0.001	1024	0.1	128	3E-05	64	0.1	13.92	22.03	32.07	41.14	49.04	80.03		
80	CLIP	RN50	CC12m	CIFAR100	16	0.001	1024	0.1	128	3E-05	128	0.1	13.92	20.24	29.64	38.21	47.07	78.78		
81	CLIP	RN50	CC12m	CIFAR100	16	0.001	1024	0.1	128	0.0001	32	0.1	13.92	22.92	36.21	45.06	52.79	83.14		
82	CLIP	RN50	CC12m	CIFAR100	16	0.001	1024	0.1	128	0.0001	64	0.1	13.92	23.23	36.23	44.56	52.46	82.18		
83	CLIP	RN50	CC12m	CIFAR100	16	0.001	1024	0.1	128	0.0001	128	0.1	13.92	22.7	34.88	43.84	51.33	81.63		
84	CLIP	RN50	Redcaps2.7m	DTD	16	0.001	1024	0.1	64	1E-05	32	0.1	1.915	1.755	6.915	17.128	35.266	50.266		
85	CLIP	RN50	Redcaps2.7m	DTD	16	0.001	1024	0.1	64	1E-05	64	0.1	1.915	1.915	2.553	11.489	26.543	43.883		
86	CLIP	RN50	Redcaps2.7m	DTD	16	0.001	1024	0.1	64	1E-05	128	0.1	1.915	1.915	2.021	2.766	17.766	35.213		
87	CLIP	RN50	Redcaps2.7m	DTD	16	0.001	1024	0.1	64	3E-05	32	0.1	1.915	1.809	23.564	37.606	51.968	61.117		
88	CLIP	RN50	Redcaps2.7m	DTD	16	0.001	1024	0.1	64	3E-05	64	0.1	1.915	1.915	8.191	32.128	47.553	58.83		
89	CLIP	RN50	Redcaps2.7m	DTD	16	0.001	1024	0.1	64	3E-05	128	0.1	1.915	1.915	2.34	12.394	42.766	55.585		
90	CLIP	RN50	Redcaps2.7m	DTD	16	0.001	1024	0.1	64	0.0001	32	0.1	1.915	5	37.074	47.66	56.649	64.681		
91	CLIP	RN50	Redcaps2.7m	DTD	16	0.001	1024	0.1	64	0.0001	64	0.1	1.915	2.128	27.447	44.202	56.117	64.149		
92	CLIP	RN50	Redcaps2.7m	DTD	16	0.001	1024	0.1	64	0.0001	128	0.1	1.915	2.128	9.84	35.106	53.511	63.777		
93	CLIP	RN50	Redcaps2.7m	DTD	16	0.001	1024	0.1	128	1E-05	32	0.1	1.915	1.968	16.117	31.915	47.128	58.67		
94	CLIP	RN50	Redcaps2.7m	DTD	16	0.001	1024	0.1	128	1E-05	64	0.1	1.915	1.915	11.117	25	41.436	55.691		
95	CLIP	RN50	Redcaps2.7m	DTD	16	0.001	1024	0.1	128	1E-05	128	0.1	1.915	1.915	3.138	17.394	35.532	50		
96	CLIP	RN50	Redcaps2.7m	DTD	16	0.001	1024	0.1	128	3E-05	32	0.1	1.915	5.691	33.777	45.745	55.957	63.936		
97	CLIP	RN50	Redcaps2.7m	DTD	16	0.001	1024	0.1	128	3E-05	64	0.1	1.915	2.287	29.255	40.798	53.511	63.085		
98	CLIP	RN50	Redcaps2.7m	DTD	16	0.001	1024	0.1	128	3E-05	128	0.1	1.915	2.287	11.436	37.181	51.543	61.33		
99	CLIP	RN50	Redcaps2.7m	DTD	16	0.001	1024	0.1	128	0.0001	32	0.1	1.915	13.67	40.638	48.989	57.606	64.84		
100	CLIP	RN50	Redcaps2.7m	DTD	16	0.001	1024	0.1	128	0.0001	64	0.1	1.915	6.968	40.106	47.287	56.117	65.16		
101	CLIP	RN50	Redcaps2.7m	DTD	16	0.001	1024	0.1	128	0.0001	128	0.1	1.915	6.968	31.596	46.17	56.17	65		
102	CLIP	RN50	Redcaps2.7m	CIFAR100	16	0.001	1024	0.1	64	1E-05	32	0.1	5.14	13.08	17.55	21.4	28.58	69.18		
103	CLIP	RN50	Redcaps2.7m	CIFAR100	16	0.001	1024	0.1	64	1E-05	64	0.1	5.15	13.13	16.24	19.21	24.97	65.77		
104	CLIP	RN50	Redcaps2.7m	CIFAR100	16	0.001	1024	0.1	64	1E-05	128	0.1	5.15	13.38	13.71	18.11	21.96	62.84		
105	CLIP	RN50	Redcaps2.7m	CIFAR100	16	0.001	1024	0.1	64	3E-05	32	0.1	5.14	13.6	22.78	32.7	42.06	77.26		
106	CLIP	RN50	Redcaps2.7m	CIFAR100	16	0.001	1024	0.1	64	3E-05	64	0.1	5.15	13.24	20.3	28.53	38.85	75.35		
107	CLIP	RN50	Redcaps2.7m	CIFAR100	16	0.001	1024	0.1	64	3E-05	128	0.1	5.15	13.45	16.4	24.42	33.5	72.75		
108	CLIP	RN50	Redcaps2.7m	CIFAR100	16	0.001	1024	0.1	64	0.0001	32	0.1	5.14	15.32	30.65	41.52	49.54	82.56		
109	CLIP	RN50	Redcaps2.7m	CIFAR100	16	0.001	1024	0.1	64	0.0001	64	0.1	5.15	14.03	28.46	40.16	48.59	81.12		
110	CLIP	RN50	Redcaps2.7m	CIFAR100	16	0.001	1024	0.1	64	0.0001	128	0.1	5.15	13.55	21.43	35.99	46.52	79.9		
111	CLIP	RN50	Redcaps2.7m	CIFAR100	16	0.001	1024	0.1	128	1E-05	32	0.1	5.14	15.02	20.89	28.12	38.07	74.97		
112	CLIP	RN50	Redcaps2.7m	CIFAR100	16	0.001	1024	0.1	128	1E-05	64	0.1	5.15	13.13	19.01	24.68	33.77	72.21		
113	CLIP	RN50	Redcaps2.7m	CIFAR100	16	0.001	1024	0.1	128	1E-05	128	0.1	5.15	13.38	17.03	21.48	28.42	69.43		
114	CLIP	RN50	Redcaps2.7m	CIFAR100	16	0.001	1024	0.1	128	3E-05	32	0.1	5.14	16.29	29.08	39.13	47.84	81.04		
115	CLIP	RN50	Redcaps2.7m	CIFAR100	16	0.001	1024	0.1	128	3E-05	64	0.1	5.15	14.85	26.42	36.1	45.58	79.31		
116	CLIP	RN50	Redcaps2.7m	CIFAR100	16	0.001	1024	0.1	128	3E-05	128	0.1	5.15	13.45	23.06	32.3	42.82	77.57		
117	CLIP	RN50	Redcaps2.7m	CIFAR100	16	0.001	1024	0.1	128	0.0001	32	0.1	5.14	16.34	32.93	42.53	50.55	83.51		
118	CLIP	RN50	Redcaps2.7m	CIFAR100	16	0.001	1024	0.1	128	0.0001	64	0.1	5.15	16.66	31.78	41.77	50.41	82.67		
119	CLIP	RN50	Redcaps2.7m	CIFAR100	16	0.001	1024	0.1	128	0.0001	128	0.1	5.15	15.34	29.55	40.74	49.57	81.69		
120	CLIP	RN50	YFCC2.7m	DTD	16	0.001	1024	0.1	64	1E-05	32	0.1	2.819	3.138	6.596	12.766	29.415	44.202		
121	CLIP	RN50	YFCC2.7m	DTD	16	0.001	1024	0.1	64	1E-05	64	0.1	2.819	3.245	3.032	8.777	21.064	38.085		
122	CLIP	RN50	YFCC2.7m	DTD	16	0.001	1024	0.1	64	1E-05	128	0.1	2.819	3.245	3.191	3.67	13.404	30		
123	CLIP	RN50	YFCC2.7m	DTD	16	0.001	1024	0.1	64	3E-05	32	0.1	2.819	3.138	19.628	33.351	46.543	56.649		
124	CLIP	RN50	YFCC2.7m	DTD	16	0.001	1024	0.1	64	3E-05	64	0.1	2.819	3.245	7.394	28.351	42.181	53.777		
125	CLIP	RN50	YFCC2.7m	DTD	16	0.001	1024	0.1	64	3E-05	128	0.1	2.819	3.245	3.191	9.787	36.596	50.106		
126	CLIP	RN50	YFCC2.7m	DTD	16	0.001	1024	0.1	64	0.0001	32	0.1	2.819	4.787	32.021	43.457	52.819	61.702		
127	CLIP	RN50	YFCC2.7m	DTD	16	0.001	1024	0.1	64	0.0001	64	0.1	2.819	3.245	23.67	41.17	51.596	60.266		
128	CLIP	RN50	YFCC2.7m	DTD	16	0.001	1024	0.1	64	0.0001	128	0.1	2.819	3.245	8.564	31.596	48.617	58.511		
129	CLIP	RN50	YFCC2.7m	DTD	16	0.001	1024	0.1	128	1E-05	32	0.1	2.819	3.191	14.521	27.021	41.436	53.457		
130	CLIP	RN50	YFCC2.7m	DTD	16	0.001	1024	0.1	128	1E-05	64	0.1	2.819	3.245	10	21.117	36.117	50.16		
131	CLIP	RN50	YFCC2.7m	DTD	16	0.001	1024	0.1	128	1E-05	128	0.1	2.819	3.245	3.617	13.138	28.245	43.67		
132	CLIP	RN50	YFCC2.7m	DTD	16	0.001	1024	0.1	128	3E-05	32	0.1	2.819	5.372	29.202	40.904	50.851	60.16		
133	CLIP	RN50	YFCC2.7m	DTD	16	0.001	1024	0.1	128	3E-05	64	0.1	2.819	3.245	25.585	37.5	48.617	59.362		
134	CLIP	RN50	YFCC2.7m	DTD	16	0.001	1024	0.1	128	3E-05	128	0.1	2.819	3.245	10.372	33.83	46.649	57.553		
135	CLIP	RN50	YFCC2.7m	DTD	16	0.001	1024	0.1	128	0.0001	32	0.1	2.819	11.064	34.734	45.16	54.149	62.766		
136	CLIP	RN50	YFCC2.7m	DTD	16	0.001	1024	0.1	128	0.0001	64	0.1	2.819	5.851	33.511	43.777	53.404	62.34		
137	CLIP	RN50	YFCC2.7m	DTD	16	0.001	1024	0.1	128	0.0001	128	0.1	2.819	5.745	27.34	41.596	52.234	60.957		
138	CLIP	RN50	YFCC2.7m	CIFAR100	16	0.001	1024	0.1	64	1E-05	32	0.1	8.19	12.3	14.35	19.42	25.81	66.9		
139	CLIP	RN50	YFCC2.7m	CIFAR100	16	0.001	1024	0.1	64	1E-05	64	0.1	8.19	12.01	13.64	16.88	22.52	63.52		
140	CLIP	RN50	YFCC2.7m	CIFAR100	16	0.001	1024	0.1	64	1E-05	128	0.1	8.19	12.08	12.23	15.15	18.99	60.04		
141	CLIP	RN50	YFCC2.7m	CIFAR100	16	0.001	1024	0.1	64	3E-05	32	0.1	8.19	12.31	20.68	28.79	37.76	75.66		
142	CLIP	RN50	YFCC2.7m	CIFAR100	16	0.001	1024	0.1	64	3E-05	64	0.1	8.19	12.03	18.08	25.51	34.21	73.54		
143	CLIP	RN50	YFCC2.7m	CIFAR100	16	0.001	1024	0.1	64	3E-05	128	0.1	8.19	12.09	13.35	22.25	30.14	70.83		
144	CLIP	RN50	YFCC2.7m	CIFAR100	16	0.001	1024	0.1	64	0.0001	32	0.1	8.19	12.38	27.38	36.29	45.31	80.76		
145	CLIP	RN50	YFCC2.7m	CIFAR100	16	0.001	1024	0.1	64	0.0001	64	0.1	8.19	12.04	24.62	34.59	44.04	79.54		
146	CLIP	RN50	YFCC2.7m	CIFAR100	16	0.001	1024	0.1	64	0.0001	128	0.1	8.19	12.14	18.97	30.87	41.59	77.67		
147	CLIP	RN50	YFCC2.7m	CIFAR100	16	0.001	1024	0.1	128	1E-05	32	0.1	8.19	12.3	17.76	25.4	33.77	73.39		
148	CLIP	RN50	YFCC2.7m	CIFAR100	16	0.001	1024	0.1	128	1E-05	64	0.1	8.19	12.01	16.6	21.92	30.34	70.75		
149	CLIP	RN50	YFCC2.7m	CIFAR100	16	0.001	1024	0.1	128	1E-05	128	0.1	8.19	12.08	14.42	18.66	26.06	67.3		
150	CLIP	RN50	YFCC2.7m	CIFAR100	16	0.001	1024	0.1	128	3E-05	32	0.1	8.19	13.47	25.68	34.15	43.73	79.26		
151	CLIP	RN50	YFCC2.7m	CIFAR100	16	0.001	1024	0.1	128	3E-05	64	0.1	8.19	12.03	23.37	31.38	40.92	77.75		
152	CLIP	RN50	YFCC2.7m	CIFAR100	16	0.001	1024	0.1	128	3E-05	128	0.1	8.19	12.09	19.91	28.79	38.08	75.53		
153	CLIP	RN50	YFCC2.7m	CIFAR100	16	0.001	1024	0.1	128	0.0001	32	0.1	8.19	14.27	29.01	38.28	46.99	82.76		
154	CLIP	RN50	YFCC2.7m	CIFAR100	16	0.001	1024	0.1	128	0.0001	64	0.1	8.19	13.28	28.04	36.8	46.43	81.03		
155	CLIP	RN50	YFCC2.7m	CIFAR100	16	0.001	1024	0.1	128	0.0001	128	0.1	8.19	12.21	26.13	35.09	45.14	79.79		
156	CLIP	RN50	LAION2.7m	DTD	16	0.001	1024	0.1	64	1E-05	32	0.1	1.915	2.074	5.904	14.787	33.085	50.213		
157	CLIP	RN50	LAION2.7m	DTD	16	0.001	1024	0.1	64	1E-05	64	0.1	1.915	1.915	2.287	9.574	24.947	42.819		
158	CLIP	RN50	LAION2.7m	DTD	16	0.001	1024	0.1	64	1E-05	128	0.1	1.915	1.915	1.915	2.713	15.319	32.447		
159	CLIP	RN50	LAION2.7m	DTD	16	0.001	1024	0.1	64	3E-05	32	0.1	1.915	2.287	22.287	37.766	51.755	61.702		
160	CLIP	RN50	LAION2.7m	DTD	16	0.001	1024	0.1	64	3E-05	64	0.1	1.915	1.915	6.968	31.383	47.34	59.894		
161	CLIP	RN50	LAION2.7m	DTD	16	0.001	1024	0.1	64	3E-05	128	0.1	1.915	1.915	2.287	10.585	41.383	55.798		
162	CLIP	RN50	LAION2.7m	DTD	16	0.001	1024	0.1	64	0.0001	32	0.1	1.915	3.564	36.862	46.915	56.915	65		
163	CLIP	RN50	LAION2.7m	DTD	16	0.001	1024	0.1	64	0.0001	64	0.1	1.915	2.234	25.585	44.681	54.415	65		
164	CLIP	RN50	LAION2.7m	DTD	16	0.001	1024	0.1	64	0.0001	128	0.1	1.915	2.234	8.245	35.745	52.713	63.404		
165	CLIP	RN50	LAION2.7m	DTD	16	0.001	1024	0.1	128	1E-05	32	0.1	1.915	2.34	15.904	30.957	47.234	59.255		
166	CLIP	RN50	LAION2.7m	DTD	16	0.001	1024	0.1	128	1E-05	64	0.1	1.915	2.128	9.84	22.872	41.596	55.957		
167	CLIP	RN50	LAION2.7m	DTD	16	0.001	1024	0.1	128	1E-05	128	0.1	1.915	2.128	2.606	14.096	33.351	49.468		
168	CLIP	RN50	LAION2.7m	DTD	16	0.001	1024	0.1	128	3E-05	32	0.1	1.915	4.255	33.457	44.787	55.213	63.989		
169	CLIP	RN50	LAION2.7m	DTD	16	0.001	1024	0.1	128	3E-05	64	0.1	1.915	2.394	27.021	42.394	52.5	62.34		
170	CLIP	RN50	LAION2.7m	DTD	16	0.001	1024	0.1	128	3E-05	128	0.1	1.915	2.394	10.798	37.074	51.011	61.117		
171	CLIP	RN50	LAION2.7m	DTD	16	0.001	1024	0.1	128	0.0001	32	0.1	1.915	12.394	39.894	49.255	57.979	65.798		
172	CLIP	RN50	LAION2.7m	DTD	16	0.001	1024	0.1	128	0.0001	64	0.1	1.915	4.947	37.181	46.596	56.702	65.798		
173	CLIP	RN50	LAION2.7m	DTD	16	0.001	1024	0.1	128	0.0001	128	0.1	1.915	4.894	29.947	47.287	56.064	65.266		
174	CLIP	RN50	LAION2.7m	CIFAR100	16	0.001	1024	0.1	64	1E-05	32	0.1	23.11	26.08	28.24	32.48	38.67	71.39		
175	CLIP	RN50	LAION2.7m	CIFAR100	16	0.001	1024	0.1	64	1E-05	64	0.1	23.1	25.13	27.17	30.97	35.86	68.62		
176	CLIP	RN50	LAION2.7m	CIFAR100	16	0.001	1024	0.1	64	1E-05	128	0.1	23.12	25.35	25.2	29.28	33.08	65.75		
177	CLIP	RN50	LAION2.7m	CIFAR100	16	0.001	1024	0.1	64	3E-05	32	0.1	23.11	26.05	33.64	41.16	48.11	78.89		
178	CLIP	RN50	LAION2.7m	CIFAR100	16	0.001	1024	0.1	64	3E-05	64	0.1	23.1	25.12	31.49	38.84	45.6	76.88		
179	CLIP	RN50	LAION2.7m	CIFAR100	16	0.001	1024	0.1	64	3E-05	128	0.1	23.12	25.33	27.49	35.21	42.71	74.54		
180	CLIP	RN50	LAION2.7m	CIFAR100	16	0.001	1024	0.1	64	0.0001	32	0.1	23.11	26.16	39.02	46.24	53.79	82.18		
181	CLIP	RN50	LAION2.7m	CIFAR100	16	0.001	1024	0.1	64	0.0001	64	0.1	23.1	25.12	37.39	44.82	52.95	81.57		
182	CLIP	RN50	LAION2.7m	CIFAR100	16	0.001	1024	0.1	64	0.0001	128	0.1	23.12	25.38	32.69	43.41	51.81	80.82		
183	CLIP	RN50	LAION2.7m	CIFAR100	16	0.001	1024	0.1	128	1E-05	32	0.1	23.11	26.08	31.47	37.86	45.24	76.6		
184	CLIP	RN50	LAION2.7m	CIFAR100	16	0.001	1024	0.1	128	1E-05	64	0.1	23.1	25.13	29.8	35.42	42.3	74.24		
185	CLIP	RN50	LAION2.7m	CIFAR100	16	0.001	1024	0.1	128	1E-05	128	0.1	23.12	25.35	28.33	32.71	38.76	71.56		
186	CLIP	RN50	LAION2.7m	CIFAR100	16	0.001	1024	0.1	128	3E-05	32	0.1	23.11	26.84	37.56	45.13	52.71	81.55		
187	CLIP	RN50	LAION2.7m	CIFAR100	16	0.001	1024	0.1	128	3E-05	64	0.1	23.1	25.33	35.37	43.65	50.83	80.28		
188	CLIP	RN50	LAION2.7m	CIFAR100	16	0.001	1024	0.1	128	3E-05	128	0.1	23.12	25.33	33.7	40.95	48.47	78.58		
189	CLIP	RN50	LAION2.7m	CIFAR100	16	0.001	1024	0.1	128	0.0001	32	0.1	23.11	26.16	38.6	46.21	53.76	83.71		
190	CLIP	RN50	LAION2.7m	CIFAR100	16	0.001	1024	0.1	128	0.0001	64	0.1	23.1	26.68	38.65	46.11	54.45	82.62		
191	CLIP	RN50	LAION2.7m	CIFAR100	16	0.001	1024	0.1	128	0.0001	128	0.1	23.12	25.38	37.71	45.55	53.22	81.93		
192	CLIP	RN50	WIT2.7m	DTD	16	0.001	1024	0.1	64	1E-05	32	0.1	1.809	2.713	8.138	14.521	28.457	42.128		
193	CLIP	RN50	WIT2.7m	DTD	16	0.001	1024	0.1	64	1E-05	64	0.1	1.809	2.606	3.351	10.16	21.862	35.638		
194	CLIP	RN50	WIT2.7m	DTD	16	0.001	1024	0.1	64	1E-05	128	0.1	1.809	2.606	2.5	3.83	14.787	28.404		
195	CLIP	RN50	WIT2.7m	DTD	16	0.001	1024	0.1	64	3E-05	32	0.1	1.809	2.979	21.064	31.809	44.468	54.84		
196	CLIP	RN50	WIT2.7m	DTD	16	0.001	1024	0.1	64	3E-05	64	0.1	1.809	2.606	8.723	27.128	41.33	53.511		
197	CLIP	RN50	WIT2.7m	DTD	16	0.001	1024	0.1	64	3E-05	128	0.1	1.809	2.606	3.298	11.117	34.415	48.723		
198	CLIP	RN50	WIT2.7m	DTD	16	0.001	1024	0.1	64	0.0001	32	0.1	1.809	4.468	31.17	40.16	49.947	59.309		
199	CLIP	RN50	WIT2.7m	DTD	16	0.001	1024	0.1	64	0.0001	64	0.1	1.809	2.766	23.936	38.723	49.734	58.883		
200	CLIP	RN50	WIT2.7m	DTD	16	0.001	1024	0.1	64	0.0001	128	0.1	1.809	2.766	9.787	29.468	46.915	57.872		
201	CLIP	RN50	WIT2.7m	DTD	16	0.001	1024	0.1	128	1E-05	32	0.1	1.809	2.979	16.064	26.17	40.426	52.447		
202	CLIP	RN50	WIT2.7m	DTD	16	0.001	1024	0.1	128	1E-05	64	0.1	1.809	2.66	10.691	21.011	34.84	48.67		
203	CLIP	RN50	WIT2.7m	DTD	16	0.001	1024	0.1	128	1E-05	128	0.1	1.809	2.66	4.202	14.043	28.404	41.862		
204	CLIP	RN50	WIT2.7m	DTD	16	0.001	1024	0.1	128	3E-05	32	0.1	1.809	5.266	28.032	38.511	48.511	57.979		
205	CLIP	RN50	WIT2.7m	DTD	16	0.001	1024	0.1	128	3E-05	64	0.1	1.809	3.032	25.106	36.277	47.181	57.128		
206	CLIP	RN50	WIT2.7m	DTD	16	0.001	1024	0.1	128	3E-05	128	0.1	1.809	2.979	11.436	31.277	44.362	54.894		
207	CLIP	RN50	WIT2.7m	DTD	16	0.001	1024	0.1	128	0.0001	32	0.1	1.809	11.862	34.309	42.181	53.245	61.064		
208	CLIP	RN50	WIT2.7m	DTD	16	0.001	1024	0.1	128	0.0001	64	0.1	1.809	6.489	32.447	42.074	50.691	60.851		
209	CLIP	RN50	WIT2.7m	DTD	16	0.001	1024	0.1	128	0.0001	128	0.1	1.809	6.489	25.798	39.468	50.638	59.149		
210	CLIP	RN50	WIT2.7m	CIFAR100	16	0.001	1024	0.1	64	1E-05	32	0.1	2.58	11.26	13.86	17.84	23.86	62.25		
211	CLIP	RN50	WIT2.7m	CIFAR100	16	0.001	1024	0.1	64	1E-05	64	0.1	2.58	10.73	13.5	15.25	20.59	58.14		
212	CLIP	RN50	WIT2.7m	CIFAR100	16	0.001	1024	0.1	64	1E-05	128	0.1	2.58	10.81	11.93	14.08	17.82	54.2		
213	CLIP	RN50	WIT2.7m	CIFAR100	16	0.001	1024	0.1	64	3E-05	32	0.1	2.58	12.12	19.11	27.25	34.84	72.39		
214	CLIP	RN50	WIT2.7m	CIFAR100	16	0.001	1024	0.1	64	3E-05	64	0.1	2.58	11.2	17.54	24.16	31.69	70.05		
215	CLIP	RN50	WIT2.7m	CIFAR100	16	0.001	1024	0.1	64	3E-05	128	0.1	2.58	10.84	13.81	20.78	28.34	66.23		
216	CLIP	RN50	WIT2.7m	CIFAR100	16	0.001	1024	0.1	64	0.0001	32	0.1	2.58	13.13	26.47	34.46	42.6	79.47		
217	CLIP	RN50	WIT2.7m	CIFAR100	16	0.001	1024	0.1	64	0.0001	64	0.1	2.58	11.68	24.71	32.61	40.73	77.48		
218	CLIP	RN50	WIT2.7m	CIFAR100	16	0.001	1024	0.1	64	0.0001	128	0.1	2.58	11.36	18.33	30.21	37.89	75.33		
219	CLIP	RN50	WIT2.7m	CIFAR100	16	0.001	1024	0.1	128	1E-05	32	0.1	2.58	12.21	17.23	24.09	30.88	69.34		
220	CLIP	RN50	WIT2.7m	CIFAR100	16	0.001	1024	0.1	128	1E-05	64	0.1	2.58	11.49	15.25	20.28	27.81	66.4		
221	CLIP	RN50	WIT2.7m	CIFAR100	16	0.001	1024	0.1	128	1E-05	128	0.1	2.58	11.04	13.97	17.34	23.79	62.8		
222	CLIP	RN50	WIT2.7m	CIFAR100	16	0.001	1024	0.1	128	3E-05	32	0.1	2.58	13.81	24.33	32.57	40.56	77		
223	CLIP	RN50	WIT2.7m	CIFAR100	16	0.001	1024	0.1	128	3E-05	64	0.1	2.58	12.03	22.03	30.18	37.52	75.15		
224	CLIP	RN50	WIT2.7m	CIFAR100	16	0.001	1024	0.1	128	3E-05	128	0.1	2.58	11.53	19.69	27.07	34.77	72.41		
225	CLIP	RN50	WIT2.7m	CIFAR100	16	0.001	1024	0.1	128	0.0001	32	0.1	2.58	15.18	28.04	36.43	44.21	81.62		
226	CLIP	RN50	WIT2.7m	CIFAR100	16	0.001	1024	0.1	128	0.0001	64	0.1	2.58	13.52	28.32	35.26	42.91	79.77		
227	CLIP	RN50	WIT2.7m	CIFAR100	16	0.001	1024	0.1	128	0.0001	128	0.1	2.58	12.36	26.19	34.08	41.68	78.65		
228	CLIP	RN50	Shutterstock2.7m	DTD	16	0.001	1024	0.1	64	1E-05	32	0.1	2.234	2.606	5.904	14.628	33.351	51.064		
229	CLIP	RN50	Shutterstock2.7m	DTD	16	0.001	1024	0.1	64	1E-05	64	0.1	2.234	2.713	3.298	9.255	23.989	44.681		
230	CLIP	RN50	Shutterstock2.7m	DTD	16	0.001	1024	0.1	64	1E-05	128	0.1	2.234	2.713	2.66	3.404	15.585	33.085		
231	CLIP	RN50	Shutterstock2.7m	DTD	16	0.001	1024	0.1	64	3E-05	32	0.1	2.234	2.872	21.064	39.202	53.777	64.681		
232	CLIP	RN50	Shutterstock2.7m	DTD	16	0.001	1024	0.1	64	3E-05	64	0.1	2.234	2.766	6.33	31.17	50.053	62.128		
233	CLIP	RN50	Shutterstock2.7m	DTD	16	0.001	1024	0.1	64	3E-05	128	0.1	2.234	2.766	3.191	10.16	43.83	58.191		
234	CLIP	RN50	Shutterstock2.7m	DTD	16	0.001	1024	0.1	64	0.0001	32	0.1	2.234	4.043	39.309	50.745	59.149	67.979		
235	CLIP	RN50	Shutterstock2.7m	DTD	16	0.001	1024	0.1	64	0.0001	64	0.1	2.234	3.032	25.16	47.394	58.883	67.553		
236	CLIP	RN50	Shutterstock2.7m	DTD	16	0.001	1024	0.1	64	0.0001	128	0.1	2.234	3.032	7.819	36.011	56.33	66.702		
237	CLIP	RN50	Shutterstock2.7m	DTD	16	0.001	1024	0.1	128	1E-05	32	0.1	2.234	3.138	14.096	30.053	49.415	61.862		
238	CLIP	RN50	Shutterstock2.7m	DTD	16	0.001	1024	0.1	128	1E-05	64	0.1	2.234	2.766	9.362	21.489	42.979	57.074		
239	CLIP	RN50	Shutterstock2.7m	DTD	16	0.001	1024	0.1	128	1E-05	128	0.1	2.234	2.766	3.511	14.309	33.351	50.691		
240	CLIP	RN50	Shutterstock2.7m	DTD	16	0.001	1024	0.1	128	3E-05	32	0.1	2.234	4.734	33.936	48.83	58.298	67.606		
241	CLIP	RN50	Shutterstock2.7m	DTD	16	0.001	1024	0.1	128	3E-05	64	0.1	2.234	3.245	28.351	44.149	56.702	66.543		
242	CLIP	RN50	Shutterstock2.7m	DTD	16	0.001	1024	0.1	128	3E-05	128	0.1	2.234	3.245	10.053	39.043	54.202	64.468		
243	CLIP	RN50	Shutterstock2.7m	DTD	16	0.001	1024	0.1	128	0.0001	32	0.1	2.234	11.383	43.883	51.755	60.745	68.564		
244	CLIP	RN50	Shutterstock2.7m	DTD	16	0.001	1024	0.1	128	0.0001	64	0.1	2.234	5.319	40.638	51.117	59.628	68.404		
245	CLIP	RN50	Shutterstock2.7m	DTD	16	0.001	1024	0.1	128	0.0001	128	0.1	2.234	5.319	30.053	49.521	59.202	67.872		
246	CLIP	RN50	Shutterstock2.7m	CIFAR100	16	0.001	1024	0.1	64	1E-05	32	0.1	9.8	18.12	23.6	28.33	36.06	71.42		
247	CLIP	RN50	Shutterstock2.7m	CIFAR100	16	0.001	1024	0.1	64	1E-05	64	0.1	9.79	16.92	21.94	25.88	31.45	68.73		
248	CLIP	RN50	Shutterstock2.7m	CIFAR100	16	0.001	1024	0.1	64	1E-05	128	0.1	9.79	17.15	19.77	23.74	28.04	65.56		
249	CLIP	RN50	Shutterstock2.7m	CIFAR100	16	0.001	1024	0.1	64	3E-05	32	0.1	9.8	19.58	30.49	39.02	47.76	78.87		
250	CLIP	RN50	Shutterstock2.7m	CIFAR100	16	0.001	1024	0.1	64	3E-05	64	0.1	9.79	17.98	27.34	36.18	44.73	76.94		
251	CLIP	RN50	Shutterstock2.7m	CIFAR100	16	0.001	1024	0.1	64	3E-05	128	0.1	9.79	17.18	22.14	31.16	40.66	74.81		
252	CLIP	RN50	Shutterstock2.7m	CIFAR100	16	0.001	1024	0.1	64	0.0001	32	0.1	9.8	21.51	37.77	44.81	53.14	82.15		
253	CLIP	RN50	Shutterstock2.7m	CIFAR100	16	0.001	1024	0.1	64	0.0001	64	0.1	9.79	20	36.1	43.99	52.26	81.64		
254	CLIP	RN50	Shutterstock2.7m	CIFAR100	16	0.001	1024	0.1	64	0.0001	128	0.1	9.79	18.45	29.21	42.44	50.7	80.89		
255	CLIP	RN50	Shutterstock2.7m	CIFAR100	16	0.001	1024	0.1	128	1E-05	32	0.1	9.8	20.55	27.51	35.51	44.18	76.72		
256	CLIP	RN50	Shutterstock2.7m	CIFAR100	16	0.001	1024	0.1	128	1E-05	64	0.1	9.79	18.9	25.37	31.68	40.25	74.46		
257	CLIP	RN50	Shutterstock2.7m	CIFAR100	16	0.001	1024	0.1	128	1E-05	128	0.1	9.79	17.15	23.22	28.19	35.77	72.08		
258	CLIP	RN50	Shutterstock2.7m	CIFAR100	16	0.001	1024	0.1	128	3E-05	32	0.1	9.8	22.79	35.96	44.19	52	81.41		
259	CLIP	RN50	Shutterstock2.7m	CIFAR100	16	0.001	1024	0.1	128	3E-05	64	0.1	9.79	20.64	33.48	42.11	50.53	80.64		
260	CLIP	RN50	Shutterstock2.7m	CIFAR100	16	0.001	1024	0.1	128	3E-05	128	0.1	9.79	18.92	30.48	38.85	47.89	79.16		
261	CLIP	RN50	Shutterstock2.7m	CIFAR100	16	0.001	1024	0.1	128	0.0001	32	0.1	9.8	22.28	38.09	45.36	52.51	83.27		
262	CLIP	RN50	Shutterstock2.7m	CIFAR100	16	0.001	1024	0.1	128	0.0001	64	0.1	9.79	22.67	38.7	45.91	53.17	82.5		
263	CLIP	RN50	Shutterstock2.7m	CIFAR100	16	0.001	1024	0.1	128	0.0001	128	0.1	9.79	20.7	37.67	45.87	53.16	82.24		
264	CLIP	RN50	CC3m	CALTECH101	16	0.001	512	0.1	128	3E-05	128	0.1	1.036	1.036	24.458	47.748	Nan	77.581		
265	CLIP	RN50	CC3m	CALTECH101	16	0.001	512	0.1	128	0.0001	128	0.1	1.036	2.268	50.69	69.51	Nan	84.78		
266	CLIP	RN50	CC3m	CALTECH101	16	0.001	512	0.1	128	0.0003	128	0.1	1.036	10.815	59.04	74.178	Nan	86.078		
267	CLIP	RN50	CC12m	CALTECH101	16	0.001	1024	0.1	128	3E-05	128	0.1	1.266	1.496	22.567	45.825	Nan	75.493		
268	CLIP	RN50	CC12m	CALTECH101	16	0.001	1024	0.1	128	0.0001	128	0.1	1.266	1.709	46.121	66.946	Nan	83.695		
269	CLIP	RN50	CC12m	CALTECH101	16	0.001	1024	0.1	128	0.0003	128	0.1	1.266	7.018	43.245	71.663	Nan	85.717		
270	CLIP	RN50	Redcaps2.7m	CALTECH101	16	0.001	1024	0.1	128	3E-05	128	0.1	1.233	1.43	29.684	50.69	Nan	76.824		
271	CLIP	RN50	Redcaps2.7m	CALTECH101	16	0.001	1024	0.1	128	0.0001	128	0.1	1.233	4.109	51.808	68.623	Nan	83.859		
272	CLIP	RN50	Redcaps2.7m	CALTECH101	16	0.001	1024	0.1	128	0.0003	128	0.1	1.233	13.445	58.629	73.817	Nan	85.815		
273	CLIP	RN50	YFCC2.7m	CALTECH101	16	0.001	1024	0.1	128	3E-05	128	0.1	0.394	1.167	18.047	37.722	Nan	71.483		
274	CLIP	RN50	YFCC2.7m	CALTECH101	16	0.001	1024	0.1	128	0.0001	128	0.1	0.394	1.496	42.406	62.59	Nan	80.654		
275	CLIP	RN50	YFCC2.7m	CALTECH101	16	0.001	1024	0.1	128	0.0003	128	0.1	0.394	5.687	52.202	69.181	Nan	83.235		
276	CLIP	RN50	LAION2.7m	CALTECH101	16	0.001	1024	0.1	128	3E-05	128	0.1	1.183	1.233	25.674	55.293	Nan	79.471		
277	CLIP	RN50	LAION2.7m	CALTECH101	16	0.001	1024	0.1	128	0.0001	128	0.1	1.183	1.512	55.753	71.565	Nan	85.651		
278	CLIP	RN50	LAION2.7m	CALTECH101	16	0.001	1024	0.1	128	0.0003	128	0.1	1.183	11.933	61.341	75.049	Nan	86.884		
279	CLIP	RN50	WIT2.7m	CALTECH101	16	0.001	1024	0.1	128	3E-05	128	0.1	1.216	1.348	21.17	43.327	Nan	70.644		
280	CLIP	RN50	WIT2.7m	CALTECH101	16	0.001	1024	0.1	128	0.0001	128	0.1	1.216	1.66	45.842	62.344	Nan	79.405		
281	CLIP	RN50	WIT2.7m	CALTECH101	16	0.001	1024	0.1	128	0.0003	128	0.1	1.216	8.892	52.696	68.787	Nan	82.38		
282	CLIP	RN50	Shutterstock2.7m	CALTECH101	16	0.001	1024	0.1	128	3E-05	128	0.1	1.052	1.364	23.504	50.329	Nan	77.696		
283	CLIP	RN50	Shutterstock2.7m	CALTECH101	16	0.001	1024	0.1	128	0.0001	128	0.1	1.052	1.94	51.545	69.905	Nan	84.845		
284	CLIP	RN50	Shutterstock2.7m	CALTECH101	16	0.001	1024	0.1	128	0.0003	128	0.1	1.052	9.944	58.383	74.803	Nan	86.308		
285	CLIP	RN50	CC3m	PETS	16	0.001	512	0.1	128	3E-05	128	0.1	2.89	2.808	5.562	16.167	41.33	77.999		
286	CLIP	RN50	CC3m	PETS	16	0.001	512	0.1	128	0.0001	128	0.1	2.89	3.462	17.503	37.35	61.696	85.06		
287	CLIP	RN50	CC3m	PETS	16	0.001	512	0.1	128	0.0003	128	0.1	2.89	6.679	28.708	45.883	67.884	86.178		
288	CLIP	RN50	CC3m	CLIPART	16	0.001	512	0.1	128	3E-05	128	0.1	0.431	0.29	5.971	17.536	32.638	65.035		
289	CLIP	RN50	CC3m	CLIPART	16	0.001	512	0.1	128	0.0001	128	0.1	0.431	1.159	14.783	29.333	43.754	69.657		
290	CLIP	RN50	CC3m	CLIPART	16	0.001	512	0.1	128	0.0003	128	0.1	0.431	3.188	20.348	34.609	48.319	72.211		
291	CLIP	RN50	CC3m	REAL	16	0.001	512	0.1	128	3E-05	128	0.1	0.261	1.449	11.884	25.884	43.551	78.628		
292	CLIP	RN50	CC3m	REAL	16	0.001	512	0.1	128	0.0001	128	0.1	0.261	3.768	27.014	39.478	52.377	80.602		
293	CLIP	RN50	CC3m	REAL	16	0.001	512	0.1	128	0.0003	128	0.1	0.261	8.986	31.652	43.449	54.623	82.702		
294	CLIP	RN50	CC12m	PETS	16	0.001	1024	0.1	128	3E-05	128	0.1	2.072	3.026	6.107	12.786	34.406	77.045		
295	CLIP	RN50	CC12m	PETS	16	0.001	1024	0.1	128	0.0001	128	0.1	2.072	4.117	14.831	32.688	58.833	84.269		
296	CLIP	RN50	CC12m	PETS	16	0.001	1024	0.1	128	0.0003	128	0.1	2.072	6.352	26.254	42.067	64.613	85.523		
297	CLIP	RN50	CC12m	CLIPART	16	0.001	1024	0.1	128	3E-05	128	0.1	0.377	0.87	5.565	15.71	32.565	65.514		
298	CLIP	RN50	CC12m	CLIPART	16	0.001	1024	0.1	128	0.0001	128	0.1	0.377	1.159	15.362	29.652	44.362	70.314		
299	CLIP	RN50	CC12m	CLIPART	16	0.001	1024	0.1	128	0.0003	128	0.1	0.377	3.768	19.826	35.739	48.826	72.389		
300	CLIP	RN50	CC12m	REAL	16	0.001	1024	0.1	128	3E-05	128	0.1	0.177	1.449	10.087	25.71	43.13	78.753		
301	CLIP	RN50	CC12m	REAL	16	0.001	1024	0.1	128	0.0001	128	0.1	0.177	4.058	26.319	40.087	52.971	80.898		
302	CLIP	RN50	CC12m	REAL	16	0.001	1024	0.1	128	0.0003	128	0.1	0.177	8.986	30.783	43.913	55.377	82.748		
303	CLIP	RN50	Redcaps2.7m	PETS	16	0.001	1024	0.1	128	3E-05	128	0.1	2.345	3.353	6.216	15.24	39.831	81.843		
304	CLIP	RN50	Redcaps2.7m	PETS	16	0.001	1024	0.1	128	0.0001	128	0.1	2.345	4.335	17.748	36.641	64.885	86.369		
305	CLIP	RN50	Redcaps2.7m	PETS	16	0.001	1024	0.1	128	0.0003	128	0.1	2.317	7.879	29.226	48.855	71.401	87.841		
306	CLIP	RN50	Redcaps2.7m	CLIPART	16	0.001	1024	0.1	128	3E-05	128	0.1	0.356	0.87	4.696	13.594	26.565	61.344		
307	CLIP	RN50	Redcaps2.7m	CLIPART	16	0.001	1024	0.1	128	0.0001	128	0.1	0.356	2.319	12.87	25.652	39.261	67.479		
308	CLIP	RN50	Redcaps2.7m	CLIPART	16	0.001	1024	0.1	128	0.0003	128	0.1	0.356	4.058	18.145	31.565	44.623	70.773		
309	CLIP	RN50	Redcaps2.7m	REAL	16	0.001	1024	0.1	128	3E-05	128	0.1	0.234	0.29	11.71	25.072	42.304	78.033		
310	CLIP	RN50	Redcaps2.7m	REAL	16	0.001	1024	0.1	128	0.0001	128	0.1	0.234	3.768	25.797	38.957	50.609	80.683		
311	CLIP	RN50	Redcaps2.7m	REAL	16	0.001	1024	0.1	128	0.0003	128	0.1	0.234	7.536	30.957	42.493	53.971	82.923		
312	CLIP	RN50	YFCC2.7m	PETS	16	0.001	1024	0.1	128	3E-05	128	0.1	3.571	4.171	6.761	12.514	33.806	74.155		
313	CLIP	RN50	YFCC2.7m	PETS	16	0.001	1024	0.1	128	0.0001	128	0.1	3.571	5.016	14.231	29.853	54.253	82.061		
314	CLIP	RN50	YFCC2.7m	PETS	16	0.001	1024	0.1	128	0.0003	128	0.1	3.626	7.388	25.573	38.332	60.605	84.378		
315	CLIP	RN50	YFCC2.7m	CLIPART	16	0.001	1024	0.1	128	3E-05	128	0.1	0.171	0.87	4.406	10.58	21.29	52.291		
316	CLIP	RN50	YFCC2.7m	CLIPART	16	0.001	1024	0.1	128	0.0001	128	0.1	0.171	1.159	10.145	20.435	34.188	65.178		
317	CLIP	RN50	YFCC2.7m	CLIPART	16	0.001	1024	0.1	128	0.0003	128	0.1	0.171	3.478	15.594	26.841	40.928	69.89		
318	CLIP	RN50	YFCC2.7m	REAL	16	0.001	1024	0.1	128	3E-05	128	0.1	0.196	0.58	8.058	19.014	35.174	75.965		
319	CLIP	RN50	YFCC2.7m	REAL	16	0.001	1024	0.1	128	0.0001	128	0.1	0.196	2.609	19.594	33.043	46.058	79.414		
320	CLIP	RN50	YFCC2.7m	REAL	16	0.001	1024	0.1	128	0.0003	128	0.1	0.196	6.087	26.899	37.971	49.232	82.172		
321	CLIP	RN50	LAION2.7m	PETS	16	0.001	1024	0.1	128	3E-05	128	0.1	3.081	3.408	4.444	12.35	34.051	76.472		
322	CLIP	RN50	LAION2.7m	PETS	16	0.001	1024	0.1	128	0.0001	128	0.1	3.081	3.435	15.322	32.443	56.87	84.024		
323	CLIP	RN50	LAION2.7m	PETS	16	0.001	1024	0.1	128	0.0003	128	0.1	3.081	6.216	26.854	41.603	65.213	85.714		
324	CLIP	RN50	LAION2.7m	CLIPART	16	0.001	1024	0.1	128	3E-05	128	0.1	0.336	1.449	5.101	16	32.623	65.808		
325	CLIP	RN50	LAION2.7m	CLIPART	16	0.001	1024	0.1	128	0.0001	128	0.1	0.336	2.319	17.159	29.217	44.348	70.376		
326	CLIP	RN50	LAION2.7m	CLIPART	16	0.001	1024	0.1	128	0.0003	128	0.1	0.336	4.638	21.507	34.58	49.188	69.965		
327	CLIP	RN50	LAION2.7m	REAL	16	0.001	1024	0.1	128	3E-05	128	0.1	0.169	1.449	11.362	24.696	42.681	78.527		
328	CLIP	RN50	LAION2.7m	REAL	16	0.001	1024	0.1	128	0.0001	128	0.1	0.169	4.058	25.449	38.928	52.58	80.88		
329	CLIP	RN50	LAION2.7m	REAL	16	0.001	1024	0.1	128	0.0003	128	0.1	0.169	8.406	31.246	43.681	54.899	82.752		
330	CLIP	RN50	WIT2.7m	PETS	16	0.001	1024	0.1	128	3E-05	128	0.1	3.299	3.272	5.998	11.968	28.108	67.121		
331	CLIP	RN50	WIT2.7m	PETS	16	0.001	1024	0.1	128	0.0001	128	0.1	3.299	4.417	12.814	26.772	48.01	79.253		
332	CLIP	RN50	WIT2.7m	PETS	16	0.001	1024	0.1	128	0.0003	128	0.1	3.299	6.543	22.11	34.406	57.007	83.152		
333	CLIP	RN50	WIT2.7m	CLIPART	16	0.001	1024	0.1	128	3E-05	128	0.1	0.418	0.87	3.652	9.536	19.275	53.77		
334	CLIP	RN50	WIT2.7m	CLIPART	16	0.001	1024	0.1	128	0.0001	128	0.1	0.418	1.739	8.812	18.058	30.609	63.432		
335	CLIP	RN50	WIT2.7m	CLIPART	16	0.001	1024	0.1	128	0.0003	128	0.1	0.418	3.188	13.101	26	39.145	68.986		
336	CLIP	RN50	WIT2.7m	REAL	16	0.001	1024	0.1	128	3E-05	128	0.1	0.113	1.159	6.899	15.217	27.449	73.579		
337	CLIP	RN50	WIT2.7m	REAL	16	0.001	1024	0.1	128	0.0001	128	0.1	0.113	2.609	16.638	27.536	40.275	78.246		
338	CLIP	RN50	WIT2.7m	REAL	16	0.001	1024	0.1	128	0.0003	128	0.1	0.113	5.217	23.072	33.797	45.928	81.772		
339	CLIP	RN50	Shutterstock2.7m	PETS	16	0.001	1024	0.1	128	3E-05	128	0.1	3.844	3.517	4.553	9.76	31.189	78.599		
340	CLIP	RN50	Shutterstock2.7m	PETS	16	0.001	1024	0.1	128	0.0001	128	0.1	3.844	3.517	12.977	31.87	59.433	85.169		
341	CLIP	RN50	Shutterstock2.7m	PETS	16	0.001	1024	0.1	128	0.0003	128	0.1	3.844	5.453	24.373	42.721	66.712	86.668		
342	CLIP	RN50	Shutterstock2.7m	CLIPART	16	0.001	1024	0.1	128	3E-05	128	0.1	0.288	0.87	5.971	16.406	32.681	66.377		
343	CLIP	RN50	Shutterstock2.7m	CLIPART	16	0.001	1024	0.1	128	0.0001	128	0.1	0.288	0.87	16.638	29.884	44.377	70.609		
344	CLIP	RN50	Shutterstock2.7m	CLIPART	16	0.001	1024	0.1	128	0.0003	128	0.1	0.288	3.188	21.275	36.638	48.87	72.334		
345	CLIP	RN50	Shutterstock2.7m	REAL	16	0.001	1024	0.1	128	3E-05	128	0.1	0.156	1.449	10.493	23.652	42.188	78.734		
346	CLIP	RN50	Shutterstock2.7m	REAL	16	0.001	1024	0.1	128	0.0001	128	0.1	0.156	2.609	23.594	38.783	52.565	81.036		
347	CLIP	RN50	Shutterstock2.7m	REAL	16	0.001	1024	0.1	128	0.0003	128	0.1	0.156	7.826	29.739	42.551	54.58	82.769		
348	CLIP	RN50	Scratch	CIFAR100	16	0.001	1024	0.1	128	0.0001	128	0.1	1					72.38		
349	CLIP	RN50	Scratch	CIFAR100	16	0.001	1024	0.1	128	0.0003	128	0.1	1					72.82		
350	CLIP	RN50	Scratch	CIFAR100	16	0.001	1024	0.1	128	0.001	128	0.1	1					50.77		
351	CLIP	RN50	Scratch	DTD	16	0.001	1024	0.1	128	0.0001	128	0.1	2.128					31.17		
352	CLIP	RN50	Scratch	DTD	16	0.001	1024	0.1	128	0.0003	128	0.1	2.128					40.372		
353	CLIP	RN50	Scratch	DTD	16	0.001	1024	0.1	128	0.001	128	0.1	2.128					44.628		
354	CLIP	RN50	Scratch	CALTECH101	16	0.001	1024	0.1	128	0.0001	128	0.1	0.608					45.842		
355	CLIP	RN50	Scratch	CALTECH101	16	0.001	1024	0.1	128	0.0003	128	0.1	0.608					55.325		
356	CLIP	RN50	Scratch	PETS	16	0.001	1024	0.1	128	0.0001	128	0.1	2.726					53.381		
357	CLIP	RN50	Scratch	PETS	16	0.001	1024	0.1	128	0.0003	128	0.1	2.726					67.966		
358	CLIP	RN50	Scratch	CLIPART	16	0.001	1024	0.1	128	0.0001	128	0.1	0.219					45.388		
359	CLIP	RN50	Scratch	CLIPART	16	0.001	1024	0.1	128	0.0003	128	0.1	0.219					55.201		
360	CLIP	RN50	Scratch	REAL	16	0.001	1024	0.1	128	0.0001	128	0.1	0.175					74.03		
361	CLIP	RN50	Scratch	REAL	16	0.001	1024	0.1	128	0.0003	128	0.1	0.175					77.76		
362	CLIP	RN50	YFCC15m	CIFAR100	16	0.001	1024	0.1	128	3E-05	128	0.1	14.72	22.2	35.22	45.65	54.38	82.12		
363	CLIP	RN50	YFCC15m	CIFAR100	16	0.001	1024	0.1	128	0.0001	128	0.1	14.72	22.22	36.53	47.9	55.86	83.03		
364	CLIP	RN50	YFCC15m	CIFAR100	16	0.001	1024	0.1	128	0.0003	128	0.1	14.72	22.24	34.43	43.35	52.55	83.39		
365	CLIP	RN50	YFCC15m	DTD	16	0.001	1024	0.1	128	3E-05	128	0.1	1.915	3.032	15.319	43.936	56.809	67.128		
366	CLIP	RN50	YFCC15m	DTD	16	0.001	1024	0.1	128	0.0001	128	0.1	1.915	7.021	37.234	49.574	58.989	69.096		
367	CLIP	RN50	YFCC15m	DTD	16	0.001	1024	0.1	128	0.0003	128	0.1	1.915	16.489	39.681	48.67	58.936	67.713		
368	CLIP	RN50	YFCC15m	CALTECH101	16	0.001	1024	0.1	128	3E-05	128	0.1	0.723	1.479	31.969	59.911		84.369		
369	CLIP	RN50	YFCC15m	CALTECH101	16	0.001	1024	0.1	128	0.0001	128	0.1	0.723	4.405	57.298	74.129		87.837		
370	CLIP	RN50	YFCC15m	CALTECH101	16	0.001	1024	0.1	128	0.0003	128	0.1	0.723	14.579	58.892	75.871		87.673		
371	CLIP	RN50	LAION15m	CIFAR100	16	0.001	1024	0.1	128	3E-05	128	0.1	39.01	41.5	45.27	54.02	60.18	83.39		
372	CLIP	RN50	LAION15m	CIFAR100	16	0.001	1024	0.1	128	0.0001	128	0.1	39.01	41.48	47.03	53.85	59.63	83.68		
373	CLIP	RN50	LAION15m	CIFAR100	16	0.001	1024	0.1	128	0.0003	128	0.1	39.01	41.47	44.35	50.17	55.53	83.41		
374	CLIP	RN50	LAION15m	DTD	16	0.001	1024	0.1	128	3E-05	128	0.1	1.968	3.511	20.16	44.787	57.66	65.957		
375	CLIP	RN50	LAION15m	DTD	16	0.001	1024	0.1	128	0.0001	128	0.1	1.968	8.351	36.862	49.521	59.415	67.713		
376	CLIP	RN50	LAION15m	DTD	16	0.001	1024	0.1	128	0.0003	128	0.1	1.968	16.383	40.266	48.883	60.904	68.777		
377	CLIP	RN50	LAION15m	CALTECH101	16	0.001	1024	0.1	128	3E-05	128	0.1	1.052	1.364	43.935	67.899		87.623		
378	CLIP	RN50	LAION15m	CALTECH101	16	0.001	1024	0.1	128	0.0001	128	0.1	1.052	4.257	65.845	77.761		89.875		
379	CLIP	RN50	LAION15m	CALTECH101	16	0.001	1024	0.1	128	0.0003	128	0.1	1.052	16.798	66.667	79.487		90.072		
380	CLIP	RN50	IN1K-Captions	DTD	32	0.001	1024	0.1	128	0.0003	128	0.1	2.234	10.053	30.798	39.819	47.872	57.287		
381	CLIP	RN50	IN1K-Captions	DTD	32	0.001	1024	0.1	128	0.001	128	0.1	2.234	14.096	31.011	37.713	51.223	59.468		
382	CLIP	RN50	IN1K-Captions	DTD	32	0.001	1024	0.1	128	0.003	128	0.1	2.234	16.17	30.266	35.372	50.213	60.585		
383	CLIP	RN50	IN1K-Captions	PETS	32	0.001	1024	0.1	128	0.0003	128	0.1	3.817	6.679	19.826	33.321	59.177	84.542		
384	CLIP	RN50	IN1K-Captions	PETS	32	0.001	1024	0.1	128	0.001	128	0.1	3.817	6.679	22.797	35.474	51.63	85.142		
385	CLIP	RN50	IN1K-Captions	PETS	32	0.001	1024	0.1	128	0.003	128	0.1	3.817	6.679	21.516	30.894	50.504	83.315		
386	CLIP	RN50	IN1K-Captions	CIFAR100	32	0.001	1024	0.1	128	0.0003	128	0.1	5.5	11.18	21.84	31.48	40.52	80.36		
387	CLIP	RN50	IN1K-Captions	CIFAR100	32	0.001	1024	0.1	128	0.001	128	0.1	5.5	11.69	20.61	32	41.96	83.53		
388	CLIP	RN50	IN1K-Captions	CIFAR100	32	0.001	1024	0.1	128	0.003	128	0.1	5.5	11.14	18.19	23.42	23.84	36.94		
389	CLIP	RN50	IN1K-Captions	CLIPART	32	0.001	1024	0.1	128	0.0003	128	0.1	0.425	3.768	10.087	19.246	33.058	65.603		
390	CLIP	RN50	IN1K-Captions	CLIPART	32	0.001	1024	0.1	128	0.001	128	0.1	0.425	4.058	13.971	25.478	39.667	72.273		
391	CLIP	RN50	IN1K-Captions	CLIPART	32	0.001	1024	0.1	128	0.003	128	0.1	0.425	3.478	17.159	20.928	13.406	27.241		
392	CLIP	RN50	IN1K-Captions	REAL	32	0.001	1024	0.1	128	0.0003	128	0.1	0.194	4.928	17.565	27.072	41.217	80.246		
393	CLIP	RN50	IN1K-Captions	REAL	32	0.001	1024	0.1	128	0.001	128	0.1	0.194	7.246	20.29	33.217	44.812	82.965		
394	CLIP	RN50	IN1K-Captions	REAL	32	0.001	1024	0.1	128	0.003	128	0.1	0.194	6.377	22.609	27.159	17.594	60.329		
395	CLIP	RN50	IN1K-Captions	CALTECH101	32	0.001	1024	0.1	128	0.0003	128	0.1	0.855	6.525	44.461	61.571		78.748		
396	CLIP	RN50	IN1K-Captions	CALTECH101	32	0.001	1024	0.1	128	0.001	128	0.1	0.855	13.083	46.943	67.505		80.851		
397	CLIP	RN50	IN1K-Captions	CALTECH101	32	0.001	1024	0.1	128	0.003	128	0.1	0.855	16.437	43.294	66.042		76.545		
398	CLIP	RN50	YFCC_0.5m	DTD	32	0.001	1024	0.1	128	0.001	128	0.1	1.755	10.798	27.713	35.106	47.234	57.553		
399	CLIP	RN50	YFCC_0.5m	DTD	32	0.001	1024	0.1	128	0.003	128	0.1	1.755	13.085	27.074	36.702	48.351	58.989		
400	CLIP	RN50	YFCC_0.5m	DTD	32	0.001	1024	0.1	128	0.006	128	0.1	1.755	12.34	26.489	30.638	35.851	37.66		
401	CLIP	RN50	YFCC_0.5m	PETS	32	0.001	1024	0.1	128	0.001	128	0.1	2.617	6.952	19.357	29.962	54.935	83.206		
402	CLIP	RN50	YFCC_0.5m	PETS	32	0.001	1024	0.1	128	0.003	128	0.1	2.617	7.634	19.111	29.198	58.206	80.098		
403	CLIP	RN50	YFCC_0.5m	PETS	32	0.001	1024	0.1	128	0.006	128	0.1	2.617	7.579	17.748	24.209	35.06	37.568		
404	CLIP	RN50	YFCC_0.5m	CIFAR100	32	0.001	1024	0.1	128	0.001	128	0.1	2.71	9.17	18.06	27.47	37.61	83.57		
405	CLIP	RN50	YFCC_0.5m	CIFAR100	32	0.001	1024	0.1	128	0.003	128	0.1	2.71	8.84	16.29	23.45	22.08	36.76		
406	CLIP	RN50	YFCC_0.5m	CIFAR100	32	0.001	1024	0.1	128	0.006	128	0.1	2.71	7.98	16.26	15.77	15.97	44.76		
407	CLIP	RN50	YFCC_0.5m	CLIPART	32	0.001	1024	0.1	128	0.001	128	0.1	0.336	3.188	12.348	23.565	37.261	72.115		
408	CLIP	RN50	YFCC_0.5m	CLIPART	32	0.001	1024	0.1	128	0.003	128	0.1	0.336	3.768	15.188	15.942	13.333	18.318		
409	CLIP	RN50	YFCC_0.5m	CLIPART	32	0.001	1024	0.1	128	0.006	128	0.1	0.336	3.478	2.667	3.043	5.435	10.799		
410	CLIP	RN50	YFCC_0.5m	REAL	32	0.001	1024	0.1	128	0.001	128	0.1	0.286	6.087	18.319	28.174	41.261	82.331		
411	CLIP	RN50	YFCC_0.5m	REAL	32	0.001	1024	0.1	128	0.003	128	0.1	0.286	6.087	20.232	17.826	15.594	57.074		
412	CLIP	RN50	YFCC_0.5m	CALTECH101	32	0.001	1024	0.1	128	0.001	128	0.1	6.903	12.459	41.404	60.815		77.252		
413	CLIP	RN50	YFCC_0.5m	CALTECH101	32	0.001	1024	0.1	128	0.003	128	0.1	6.903	13.56	39.103	62.738		73.011		
414	CLIP	RN50	YFCC_0.5m	CALTECH101	32	0.001	1024	0.1	128	0.006	128	0.1	6.903	13.478	36.045	44.034		45.726		
415	CLIP	RN50	CC3m	CIFAR100	16	0.001	512	0.1	128	3E-05	128	0.1	13.74						65.4	71.5
416	CLIP	RN50	CC3m	CIFAR100	16	0.001	512	0.1	128	0.0001	128	0.1	13.74						68.31	74.85
417	CLIP	RN50	CC3m	CIFAR100	16	0.001	512	0.1	128	0.0003	128	0.1	13.74						69.03	75.32
418	CLIP	RN50	CC12m	CIFAR100	16	0.001	1024	0.1	128	3E-05	128	0.1	13.92						64.42	71.06
419	CLIP	RN50	CC12m	CIFAR100	16	0.001	1024	0.1	128	0.0001	128	0.1	13.92						68.13	74.68
420	CLIP	RN50	CC12m	CIFAR100	16	0.001	1024	0.1	128	0.0003	128	0.1	13.92						68.62	75.28
421	CLIP	RN50	Redcaps2.7m	CIFAR100	16	0.001	1024	0.1	128	3E-05	128	0.1	5.15						62.15	68.98
422	CLIP	RN50	Redcaps2.7m	CIFAR100	16	0.001	1024	0.1	128	0.0001	128	0.1	5.15						66.72	73.96
423	CLIP	RN50	Redcaps2.7m	CIFAR100	16	0.001	1024	0.1	128	0.0003	128	0.1	5.15						68.97	75.83
424	CLIP	RN50	YFCC2.7m	CIFAR100	16	0.001	1024	0.1	128	3E-05	128	0.1	8.19						58.59	66.5
425	CLIP	RN50	YFCC2.7m	CIFAR100	16	0.001	1024	0.1	128	0.0001	128	0.1	8.19						64.85	72.4
426	CLIP	RN50	YFCC2.7m	CIFAR100	16	0.001	1024	0.1	128	0.0003	128	0.1	8.19						66.9	73.96
427	CLIP	RN50	LAION2.7m	CIFAR100	16	0.001	1024	0.1	128	3E-05	128	0.1	23.12						64.92	71.27
428	CLIP	RN50	LAION2.7m	CIFAR100	16	0.001	1024	0.1	128	0.0001	128	0.1	23.12						68.96	75.42
429	CLIP	RN50	LAION2.7m	CIFAR100	16	0.001	1024	0.1	128	0.0003	128	0.1	23.12						69.99	76.1
430	CLIP	RN50	WIT2.7m	CIFAR100	16	0.001	1024	0.1	128	3E-05	128	0.1	2.58						53.81	62.25
431	CLIP	RN50	WIT2.7m	CIFAR100	16	0.001	1024	0.1	128	0.0001	128	0.1	2.58						61.37	69.71
432	CLIP	RN50	WIT2.7m	CIFAR100	16	0.001	1024	0.1	128	0.0003	128	0.1	2.58						63.96	72.3
433	CLIP	RN50	Shutterstock2.7m	CIFAR100	16	0.001	1024	0.1	128	3E-05	128	0.1	9.79						64.53	71.37
434	CLIP	RN50	Shutterstock2.7m	CIFAR100	16	0.001	1024	0.1	128	0.0001	128	0.1	9.79						69.05	74.97
435	CLIP	RN50	Shutterstock2.7m	CIFAR100	16	0.001	1024	0.1	128	0.0003	128	0.1	9.79						69.86	76.13
436	CLIP	VITB32	LAION2B	CIFAR100	16	0.001	1024	0.1	128	3E-06	128	0.1	68.09	72.43	77.09	79.69	81.23	90.52		
437	CLIP	VITB32	LAION2B	CIFAR100	16	0.001	1024	0.1	128	1E-05	128	0.1	68.09	73.99	76.7	78.28	78.77	89.64		
438	CLIP	VITB32	LAION2B	CIFAR100	16	0.001	1024	0.1	128	3E-05	128	0.1	68.09	73.18	75.92	76.57	77.43	87.32		
439	CLIP	VITB32	LAION2B	DTD	16	0.001	1024	0.1	128	3E-06	128	0.1	0.957	2.819	27.021	53.989	64.309	73.138		
440	CLIP	VITB32	LAION2B	DTD	16	0.001	1024	0.1	128	1E-05	128	0.1	0.957	11.649	42.074	55.904	67.553	74.309		
441	CLIP	VITB32	LAION2B	DTD	16	0.001	1024	0.1	128	3E-05	128	0.1	0.957	18.298	45.851	56.543	65.798	71.277		
442	CLIP	VITB32	LAION2B	CALTECH101	16	0.001	1024	0.1	128	3E-06	128	0.1	1.216	2.022	50.049	72.502		89.974		
443	CLIP	VITB32	LAION2B	CALTECH101	16	0.001	1024	0.1	128	1E-05	128	0.1	1.216	10.487	61.21	80.178		92.472		
444	CLIP	VITB32	LAION2B	CALTECH101	16	0.001	1024	0.1	128	3E-05	128	0.1	1.216	16.946	66.124	81.328		92.143		
445	CLIP	RN50	IN_1K_CLIP_captions	CIFAR100	90	0.001	1024	0.1	128	0.0001	128	0.1	17.48	22.59	37.72	49.69	57.02	85.44		
446	CLIP	RN50	IN_1K_CLIP_captions	CIFAR100	90	0.001	1024	0.1	128	0.0003	128	0.1	17.48	23.74	36.38	50.61	58.32	85.22		
447	CLIP	RN50	IN_1K_CLIP_captions	DTD	90	0.001	1024	0.1	128	0.0001	128	0.1	1.702	14.628	37.234	48.457	59.309	69.149		
448	CLIP	RN50	IN_1K_CLIP_captions	DTD	90	0.001	1024	0.1	128	0.0003	128	0.1	1.702	21.968	43.511	50.957	63.617	70.106		
449	CLIP	RN50	IN_1K_CLIP_captions	CALTECH101	90	0.001	1024	0.1	128	0.0001	128	0.1	1.43	12.607	68.639	80.194		88.593		
450	CLIP	RN50	IN_1K_CLIP_captions	CALTECH101	90	0.001	1024	0.1	128	0.0003	128	0.1	1.43	26.036	71.252	83.563		91.256		
451	CLIP	RN50	LAION1m	CIFAR100	16	0.001	512	0.1	128	0.001	128	0.1	2.9	9.87	20.64	32.35	42	83.25		
452	CLIP	RN50	IN_1K_CLIP_captions	PETS	90	0.001	1024	0.1	128	0.0003	128	0.1	5.671	25.627	63.631	73.337	83.315	90.949		
453	CLIP	RN50	IN_1K_CLIP_captions	REAL	90	0.001	1024	0.1	128	0.0001	128	0.1	0.261	12.754	39.884	52.667	61.754	82.99		
454	CLIP	RN50	IN_1K_CLIP_captions	REAL	90	0.001	1024	0.1	128	0.0003	128	0.1	0.261	17.101	46.029	57.594	65.667	82.99		
455	CLIP	RN50	IN_1K_CLIP_captions	CLIPART	90	0.001	1024	0.1	128	0.0001	128	0.1	0.275	4.348	24.232	36.957	50.406	72.58		
456	CLIP	RN50	IN_1K_CLIP_captions	CLIPART	90	0.001	1024	0.1	128	0.0003	128	0.1	0.275	7.246	29.275	44.899	57.507	72.58		
457	CLIP	RN50	LAION1m	CIFAR100	16	0.001	512	0.1	128	0.003	128	0.1	2.9	9.48	18.21	28.28	22.55	43.92		
458	CLIP	RN50	LAION1m	DTD	16	0.001	512	0.1	128	0.001	128	0.1	3.564	13.723	31.33	37.766	50.053	15.745		
459	CLIP	RN50	LAION1m	DTD	16	0.001	512	0.1	128	0.003	128	0.1	3.564	16.543	30.372	38.351	50.638	60.638		
460	CLIP	RN50	LAION1m	CALTECH101	16	0.001	512	0.1	128	0.001	128	0.1	1.068	14.201	46.696	65.417		80.802		
461	CLIP	RN50	LAION1m	CALTECH101	16	0.001	512	0.1	128	0.003	128	0.1	1.068	17.045	45.513	67.439		80.112		
462	CLIP	RN50	LAION1m	PETS	16	0.001	512	0.1	128	0.001	128	0.1	2.508	7.879	22.601	34.406	58.424	84.324		
463	CLIP	RN50	LAION1m	PETS	16	0.001	512	0.1	128	0.003	128	0.1	2.508	8.37	22.71	32.007	62.35	85.605		
464	CLIP	RN50	LAION1m	REAL	16	0.001	512	0.1	128	0.001	128	0.1	0.188	5.797	24.058	33.304	46.261	82.3		
465	CLIP	RN50	LAION1m	REAL	16	0.001	512	0.1	128	0.003	128	0.1	0.188	5.797	24.116	35.739	28.551	82.3		
466	CLIP	RN50	LAION1m	CLIPART	16	0.001	512	0.1	128	0.001	128	0.1	0.435	2.899	14.493	26.812	42.217	72		
467	CLIP	RN50	LAION1m	CLIPART	16	0.001	512	0.1	128	0.003	128	0.1	0.435	3.478	18.957	30.899	19.87	72		
468	CLIP	RN50	CC3m	CassavaLeafDisease	16	0.001	512	0.1	128	3E-05	128	0.1	20	40	24	20	21			
469	CLIP	RN50	CC3m	CassavaLeafDisease	16	0.001	512	0.1	128	0.0001	128	0.1	20	40	32	34	35			
470	CLIP	RN50	CC3m	CassavaLeafDisease	16	0.001	512	0.1	128	0.0003	128	0.1	20	40	40	38	50			
471	CLIP	RN50	CC3m	CassavaLeafDisease	16	0.001	512	0.1	128	0.001	128	0.1	20	40	52	50	59			
472	CLIP	RN50	CC3m	CassavaLeafDisease	16	0.001	512	0.1	128	0.003	128	0.1	20	45	52	60	58			
473	CLIP	RN50	CC3m	EuroSAT	16	0.001	512	0.1	128	0.0001	128	0.1	15	70	70	62	76			
474	CLIP	RN50	CC3m	EuroSAT	16	0.001	512	0.1	128	0.0003	128	0.1	15	70	72	62	85.5			
475	CLIP	RN50	CC3m	EuroSAT	16	0.001	512	0.1	128	0.001	128	0.1	15	80	78	79	86			
476	CLIP	RN50	CC3m	EuroSAT	16	0.001	512	0.1	128	0.003	128	0.1	15	80	84	80	83.5			
477	CLIP	RN50	CC3m	CameraTraps	16	0.001	512	0.1	128	0.0001	128	0.1	2	26.667	32	42.667	44			
478	CLIP	RN50	CC3m	CameraTraps	16	0.001	512	0.1	128	0.0003	128	0.1	2	20	41.333	43.333	48.667			
479	CLIP	RN50	CC3m	CameraTraps	16	0.001	512	0.1	128	0.001	128	0.1	2	33.333	46.667	48.667	49.667			
480	CLIP	RN50	CC3m	CameraTraps	16	0.001	512	0.1	128	0.003	128	0.1	2	40	46.667	42.667	52			
481	CLIP	RN50	CC12m	CassavaLeafDisease	16	0.001	1024	0.1	128	3E-05	128	0.1	21	20	28	28	26			
482	CLIP	RN50	CC12m	CassavaLeafDisease	16	0.001	1024	0.1	128	0.0001	128	0.1	21	20	36	36	41			
483	CLIP	RN50	CC12m	CassavaLeafDisease	16	0.001	1024	0.1	128	0.0003	128	0.1	21	20	40	50	53			
484	CLIP	RN50	CC12m	CassavaLeafDisease	16	0.001	1024	0.1	128	0.001	128	0.1	21	43	52	56	64			
485	CLIP	RN50	CC12m	CassavaLeafDisease	16	0.001	1024	0.1	128	0.003	128	0.1	21	40	56	58	60			
486	CLIP	RN50	CC12m	EuroSAT	16	0.001	1024	0.1	128	0.0001	128	0.1	14	60	64	30	82			
487	CLIP	RN50	CC12m	EuroSAT	16	0.001	1024	0.1	128	0.0003	128	0.1	14	80	76	77	85			
488	CLIP	RN50	CC12m	EuroSAT	16	0.001	1024	0.1	128	0.001	128	0.1	14	81	82	85	85.5			
489	CLIP	RN50	CC12m	EuroSAT	16	0.001	1024	0.1	128	0.003	128	0.1	14	80	76	83	83.5			
490	CLIP	RN50	CC12m	CameraTraps	16	0.001	1024	0.1	128	0.0001	128	0.1	4.667	13.333	25.333	40	44			
491	CLIP	RN50	CC12m	CameraTraps	16	0.001	1024	0.1	128	0.0003	128	0.1	4.667	33.333	44	46.667	45			
492	CLIP	RN50	CC12m	CameraTraps	16	0.001	1024	0.1	128	0.001	128	0.1	4.667	46.667	46.667	46	51			
493	CLIP	RN50	CC12m	CameraTraps	16	0.001	1024	0.1	128	0.003	128	0.1	4.667	46.667	46.667	45.333	47			
494	CLIP	RN50	Redcaps2.7m	CassavaLeafDisease	16	0.001	1024	0.1	128	3E-05	128	0.1	11	20	16	22	18			
495	CLIP	RN50	Redcaps2.7m	CassavaLeafDisease	16	0.001	1024	0.1	128	0.0001	128	0.1	11	20	28	36	33			
496	CLIP	RN50	Redcaps2.7m	CassavaLeafDisease	16	0.001	1024	0.1	128	0.0003	128	0.1	11	20	36	60	52			
497	CLIP	RN50	Redcaps2.7m	CassavaLeafDisease	16	0.001	1024	0.1	128	0.001	128	0.1	11	20	44	58	62			
498	CLIP	RN50	Redcaps2.7m	CassavaLeafDisease	16	0.001	1024	0.1	128	0.003	128	0.1	11	40	48	58	63			
499	CLIP	RN50	Redcaps2.7m	EuroSAT	16	0.001	1024	0.1	128	0.0001	128	0.1	13.5	50	58	62	77.5			
500	CLIP	RN50	Redcaps2.7m	EuroSAT	16	0.001	1024	0.1	128	0.0003	128	0.1	13.5	70	68	76	87.5			
501	CLIP	RN50	Redcaps2.7m	EuroSAT	16	0.001	1024	0.1	128	0.001	128	0.1	13.5	60	80	80	87			
502	CLIP	RN50	Redcaps2.7m	EuroSAT	16	0.001	1024	0.1	128	0.003	128	0.1	13.5	73	76	77	85			
503	CLIP	RN50	Redcaps2.7m	CameraTraps	16	0.001	1024	0.1	128	0.0001	128	0.1	4.667	6.667	45.333	46.667	44.667			
504	CLIP	RN50	Redcaps2.7m	CameraTraps	16	0.001	1024	0.1	128	0.0003	128	0.1	4.667	20	45.333	44.667	47			
505	CLIP	RN50	Redcaps2.7m	CameraTraps	16	0.001	1024	0.1	128	0.001	128	0.1	4.667	26.667	49.333	47.333	51.333			
506	CLIP	RN50	Redcaps2.7m	CameraTraps	16	0.001	1024	0.1	128	0.003	128	0.1	4.667	40	49.333	50	48.667			
507	CLIP	RN50	YFCC2.7m	CassavaLeafDisease	16	0.001	1024	0.1	128	3E-05	128	0.1	25	20	28	28	24			
508	CLIP	RN50	YFCC2.7m	CassavaLeafDisease	16	0.001	1024	0.1	128	0.0001	128	0.1	25	20	28	48	40			
509	CLIP	RN50	YFCC2.7m	CassavaLeafDisease	16	0.001	1024	0.1	128	0.0003	128	0.1	25	20	44	58	53			
510	CLIP	RN50	YFCC2.7m	CassavaLeafDisease	16	0.001	1024	0.1	128	0.001	128	0.1	25	20	48	58	59			
511	CLIP	RN50	YFCC2.7m	CassavaLeafDisease	16	0.001	1024	0.1	128	0.003	128	0.1	25	40	60	62	62			
512	CLIP	RN50	YFCC2.7m	EuroSAT	16	0.001	1024	0.1	128	0.0001	128	0.1	17	60	56	61	80			
513	CLIP	RN50	YFCC2.7m	EuroSAT	16	0.001	1024	0.1	128	0.0003	128	0.1	17	70	70	73	86.5			
514	CLIP	RN50	YFCC2.7m	EuroSAT	16	0.001	1024	0.1	128	0.001	128	0.1	17	70	76	80	86.5			
515	CLIP	RN50	YFCC2.7m	EuroSAT	16	0.001	1024	0.1	128	0.003	128	0.1	17	60	72	84	86.5			
516	CLIP	RN50	YFCC2.7m	CameraTraps	16	0.001	1024	0.1	128	0.0001	128	0.1	6.333	33.333	40	45.333	42			
517	CLIP	RN50	YFCC2.7m	CameraTraps	16	0.001	1024	0.1	128	0.0003	128	0.1	6.333	40	44	48	47			
518	CLIP	RN50	YFCC2.7m	CameraTraps	16	0.001	1024	0.1	128	0.001	128	0.1	6.333	40	49.333	51.333	50			
519	CLIP	RN50	YFCC2.7m	CameraTraps	16	0.001	1024	0.1	128	0.003	128	0.1	6.333	46.667	50.667	50	47			
520	CLIP	RN50	LAION2.7m	CassavaLeafDisease	16	0.001	1024	0.1	128	3E-05	128	0.1	16	20	24	30	26			
521	CLIP	RN50	LAION2.7m	CassavaLeafDisease	16	0.001	1024	0.1	128	0.0001	128	0.1	16	20	36	36	34			
522	CLIP	RN50	LAION2.7m	CassavaLeafDisease	16	0.001	1024	0.1	128	0.0003	128	0.1	16	20	40	54	46			
523	CLIP	RN50	LAION2.7m	CassavaLeafDisease	16	0.001	1024	0.1	128	0.001	128	0.1	16	40	44	62	57			
524	CLIP	RN50	LAION2.7m	CassavaLeafDisease	16	0.001	1024	0.1	128	0.003	128	0.1	16	45	48	62	64			
525	CLIP	RN50	LAION2.7m	EuroSAT	16	0.001	1024	0.1	128	0.0001	128	0.1	14.5	40	70	69	82			
526	CLIP	RN50	LAION2.7m	EuroSAT	16	0.001	1024	0.1	128	0.0003	128	0.1	14.5	70	84	77	89.5			
527	CLIP	RN50	LAION2.7m	EuroSAT	16	0.001	1024	0.1	128	0.001	128	0.1	14.5	80	84	86	88			
528	CLIP	RN50	LAION2.7m	EuroSAT	16	0.001	1024	0.1	128	0.003	128	0.1	14.5	70	82	89	85.5			
529	CLIP	RN50	LAION2.7m	CameraTraps	16	0.001	1024	0.1	128	0.0001	128	0.1	5	26.667	44	44	45.333			
530	CLIP	RN50	LAION2.7m	CameraTraps	16	0.001	1024	0.1	128	0.0003	128	0.1	5	26.667	45.333	44.667	46.667			
531	CLIP	RN50	LAION2.7m	CameraTraps	16	0.001	1024	0.1	128	0.001	128	0.1	5	40	45.333	48	47.667			
532	CLIP	RN50	LAION2.7m	CameraTraps	16	0.001	1024	0.1	128	0.003	128	0.1	5	40	48	46.667	49			
533	CLIP	RN50	WIT2.7m	CassavaLeafDisease	16	0.001	1024	0.1	128	3E-05	128	0.1	15	40	20	22	18			
534	CLIP	RN50	WIT2.7m	CassavaLeafDisease	16	0.001	1024	0.1	128	0.0001	128	0.1	15	40	24	32	34			
535	CLIP	RN50	WIT2.7m	CassavaLeafDisease	16	0.001	1024	0.1	128	0.0003	128	0.1	15	40	44	42	41			
536	CLIP	RN50	WIT2.7m	CassavaLeafDisease	16	0.001	1024	0.1	128	0.001	128	0.1	15	45	52	48	51			
537	CLIP	RN50	WIT2.7m	CassavaLeafDisease	16	0.001	1024	0.1	128	0.003	128	0.1	15	45	52	52	57			
538	CLIP	RN50	WIT2.7m	EuroSAT	16	0.001	1024	0.1	128	0.0001	128	0.1	14	30	50	20	77			
539	CLIP	RN50	WIT2.7m	EuroSAT	16	0.001	1024	0.1	128	0.0003	128	0.1	14	60	70	78	84.5			
540	CLIP	RN50	WIT2.7m	EuroSAT	16	0.001	1024	0.1	128	0.001	128	0.1	14	80	74	82	86.5			
541	CLIP	RN50	WIT2.7m	EuroSAT	16	0.001	1024	0.1	128	0.003	128	0.1	14	80	80	83	84.5			
542	CLIP	RN50	WIT2.7m	CameraTraps	16	0.001	1024	0.1	128	0.0001	128	0.1	6.333	20	28	44.667	43			
543	CLIP	RN50	WIT2.7m	CameraTraps	16	0.001	1024	0.1	128	0.0003	128	0.1	6.333	40	38.667	42.667	44			
544	CLIP	RN50	WIT2.7m	CameraTraps	16	0.001	1024	0.1	128	0.001	128	0.1	6.333	40	42.667	42.667	46.333			
545	CLIP	RN50	WIT2.7m	CameraTraps	16	0.001	1024	0.1	128	0.003	128	0.1	6.333	40	42.667	44.667	45.667			
546	CLIP	RN50	Shutterstock2.7m	CassavaLeafDisease	16	0.001	1024	0.1	128	3E-05	128	0.1	28	20	28	32	28			
547	CLIP	RN50	Shutterstock2.7m	CassavaLeafDisease	16	0.001	1024	0.1	128	0.0001	128	0.1	28	40	32	42	44			
548	CLIP	RN50	Shutterstock2.7m	CassavaLeafDisease	16	0.001	1024	0.1	128	0.0003	128	0.1	28	20	36	52	51			
549	CLIP	RN50	Shutterstock2.7m	CassavaLeafDisease	16	0.001	1024	0.1	128	0.001	128	0.1	28	40	48	60	60			
550	CLIP	RN50	Shutterstock2.7m	CassavaLeafDisease	16	0.001	1024	0.1	128	0.003	128	0.1	28	40	56	62	57			
551	CLIP	RN50	Shutterstock2.7m	EuroSAT	16	0.001	1024	0.1	128	0.0001	128	0.1	18.5	70	64	68	83.5			
552	CLIP	RN50	Shutterstock2.7m	EuroSAT	16	0.001	1024	0.1	128	0.0003	128	0.1	18.5	70	76	80	86.5			
553	CLIP	RN50	Shutterstock2.7m	EuroSAT	16	0.001	1024	0.1	128	0.001	128	0.1	18.5	75	80	83	88			
554	CLIP	RN50	Shutterstock2.7m	EuroSAT	16	0.001	1024	0.1	128	0.003	128	0.1	18.5	70	80	83	87			
555	CLIP	RN50	Shutterstock2.7m	CameraTraps	16	0.001	1024	0.1	128	0.0001	128	0.1	7.667	13.333	41.333	46.667	44.333			
556	CLIP	RN50	Shutterstock2.7m	CameraTraps	16	0.001	1024	0.1	128	0.0003	128	0.1	7.667	33.333	45.333	48.667	45			
557	CLIP	RN50	Shutterstock2.7m	CameraTraps	16	0.001	1024	0.1	128	0.001	128	0.1	7.667	40	49.333	49.333	50.333			
558	CLIP	RN50	Shutterstock2.7m	CameraTraps	16	0.001	1024	0.1	128	0.003	128	0.1	7.667	33.333	48	46.667	46.333			
559	CLIP	RN50	CC3m	CassavaLeafDisease	16	0.001	512	0.1	128	3E-05	128	0.1	20	40	24	20	21			
560	CLIP	RN50	CC3m	CassavaLeafDisease	16	0.001	512	0.1	128	0.0001	128	0.1	20	40	32	34	35			
561	CLIP	RN50	CC3m	CassavaLeafDisease	16	0.001	512	0.1	128	0.0003	128	0.1	20	40	40	38	50			
562	CLIP	RN50	CC3m	CassavaLeafDisease	16	0.001	512	0.1	128	0.001	128	0.1	20	40	52	50	59			
563	CLIP	RN50	CC3m	CassavaLeafDisease	16	0.001	512	0.1	128	0.003	128	0.1	20	40	52	60	58			
564	CLIP	RN50	CC3m	EuroSAT	16	0.001	512	0.1	128	0.0001	128	0.1	15	70	70	62	76			
565	CLIP	RN50	CC3m	EuroSAT	16	0.001	512	0.1	128	0.0003	128	0.1	15	70	72	62	85.5			
566	CLIP	RN50	CC3m	EuroSAT	16	0.001	512	0.1	128	0.001	128	0.1	15	80	78	79	86			
567	CLIP	RN50	CC3m	EuroSAT	16	0.001	512	0.1	128	0.003	128	0.1	15	80	84	80	83.5			
568	CLIP	RN50	CC3m	CameraTraps	16	0.001	512	0.1	128	0.0001	128	0.1	2	26.667	32	42.667	44			
569	CLIP	RN50	CC3m	CameraTraps	16	0.001	512	0.1	128	0.0003	128	0.1	2	20	41.333	43.333	48.667			
570	CLIP	RN50	CC3m	CameraTraps	16	0.001	512	0.1	128	0.001	128	0.1	2	33.333	46.667	48.667	49.667			
571	CLIP	RN50	CC3m	CameraTraps	16	0.001	512	0.1	128	0.003	128	0.1	2	40	46.667	42.667	52			
572	CLIP	RN50	CC12m	CassavaLeafDisease	16	0.001	1024	0.1	128	3E-05	128	0.1	21	20	28	28	26			
573	CLIP	RN50	CC12m	CassavaLeafDisease	16	0.001	1024	0.1	128	0.0001	128	0.1	21	20	36	36	41			
574	CLIP	RN50	CC12m	CassavaLeafDisease	16	0.001	1024	0.1	128	0.0003	128	0.1	21	20	40	50	53			
575	CLIP	RN50	CC12m	CassavaLeafDisease	16	0.001	1024	0.1	128	0.001	128	0.1	21	40	52	56	64			
576	CLIP	RN50	CC12m	CassavaLeafDisease	16	0.001	1024	0.1	128	0.003	128	0.1	21	40	56	58	60			
577	CLIP	RN50	CC12m	EuroSAT	16	0.001	1024	0.1	128	0.0001	128	0.1	14	60	64	30	82			
578	CLIP	RN50	CC12m	EuroSAT	16	0.001	1024	0.1	128	0.0003	128	0.1	14	80	76	77	85			
579	CLIP	RN50	CC12m	EuroSAT	16	0.001	1024	0.1	128	0.001	128	0.1	14	81	82	85	85.5			
580	CLIP	RN50	CC12m	EuroSAT	16	0.001	1024	0.1	128	0.003	128	0.1	14	80	76	83	83.5			
581	CLIP	RN50	CC12m	CameraTraps	16	0.001	1024	0.1	128	0.0001	128	0.1	4.667	13.333	25.333	40	44			
582	CLIP	RN50	CC12m	CameraTraps	16	0.001	1024	0.1	128	0.0003	128	0.1	4.667	33.333	44	46.667	45			
583	CLIP	RN50	CC12m	CameraTraps	16	0.001	1024	0.1	128	0.001	128	0.1	4.667	46.667	46.667	46	51			
584	CLIP	RN50	CC12m	CameraTraps	16	0.001	1024	0.1	128	0.003	128	0.1	4.667	46.667	46.667	45.333	47			
585	CLIP	RN50	Redcaps2.7m	CassavaLeafDisease	16	0.001	1024	0.1	128	3E-05	128	0.1	11	20	16	22	18			
586	CLIP	RN50	Redcaps2.7m	CassavaLeafDisease	16	0.001	1024	0.1	128	0.0001	128	0.1	11	20	28	36	33			
587	CLIP	RN50	Redcaps2.7m	CassavaLeafDisease	16	0.001	1024	0.1	128	0.0003	128	0.1	11	20	36	60	52			
588	CLIP	RN50	Redcaps2.7m	CassavaLeafDisease	16	0.001	1024	0.1	128	0.001	128	0.1	11	20	44	58	62			
589	CLIP	RN50	Redcaps2.7m	CassavaLeafDisease	16	0.001	1024	0.1	128	0.003	128	0.1	11	40	48	58	63			
590	CLIP	RN50	Redcaps2.7m	EuroSAT	16	0.001	1024	0.1	128	0.0001	128	0.1	13.5	50	58	62	77.5			
591	CLIP	RN50	Redcaps2.7m	EuroSAT	16	0.001	1024	0.1	128	0.0003	128	0.1	13.5	70	68	76	87.5			
592	CLIP	RN50	Redcaps2.7m	EuroSAT	16	0.001	1024	0.1	128	0.001	128	0.1	13.5	60	80	80	87			
593	CLIP	RN50	Redcaps2.7m	EuroSAT	16	0.001	1024	0.1	128	0.003	128	0.1	13.5	73	76	77	85			
594	CLIP	RN50	Redcaps2.7m	CameraTraps	16	0.001	1024	0.1	128	0.0001	128	0.1	4.667	6.667	45.333	46.667	44.667			
595	CLIP	RN50	Redcaps2.7m	CameraTraps	16	0.001	1024	0.1	128	0.0003	128	0.1	4.667	20	45.333	44.667	47			
596	CLIP	RN50	Redcaps2.7m	CameraTraps	16	0.001	1024	0.1	128	0.001	128	0.1	4.667	26.667	49.333	47.333	51.333			
597	CLIP	RN50	Redcaps2.7m	CameraTraps	16	0.001	1024	0.1	128	0.003	128	0.1	4.667	40	49.333	50	48.667			
598	CLIP	RN50	YFCC2.7m	CassavaLeafDisease	16	0.001	1024	0.1	128	3E-05	128	0.1	25	20	28	28	24			
599	CLIP	RN50	YFCC2.7m	CassavaLeafDisease	16	0.001	1024	0.1	128	0.0001	128	0.1	25	20	28	48	40			
600	CLIP	RN50	YFCC2.7m	CassavaLeafDisease	16	0.001	1024	0.1	128	0.0003	128	0.1	25	20	44	58	53			
601	CLIP	RN50	YFCC2.7m	CassavaLeafDisease	16	0.001	1024	0.1	128	0.001	128	0.1	25	20	48	58	59			
602	CLIP	RN50	YFCC2.7m	CassavaLeafDisease	16	0.001	1024	0.1	128	0.003	128	0.1	25	40	60	62	62			
603	CLIP	RN50	YFCC2.7m	EuroSAT	16	0.001	1024	0.1	128	0.0001	128	0.1	17	60	56	61	80			
604	CLIP	RN50	YFCC2.7m	EuroSAT	16	0.001	1024	0.1	128	0.0003	128	0.1	17	70	70	73	86.5			
605	CLIP	RN50	YFCC2.7m	EuroSAT	16	0.001	1024	0.1	128	0.001	128	0.1	17	70	76	80	86.5			
606	CLIP	RN50	YFCC2.7m	EuroSAT	16	0.001	1024	0.1	128	0.003	128	0.1	17	60	72	84	86.5			
607	CLIP	RN50	YFCC2.7m	CameraTraps	16	0.001	1024	0.1	128	0.0001	128	0.1	6.333	33.333	40	45.333	42			
608	CLIP	RN50	YFCC2.7m	CameraTraps	16	0.001	1024	0.1	128	0.0003	128	0.1	6.333	40	44	48	47			
609	CLIP	RN50	YFCC2.7m	CameraTraps	16	0.001	1024	0.1	128	0.001	128	0.1	6.333	40	49.333	51.333	50			
610	CLIP	RN50	YFCC2.7m	CameraTraps	16	0.001	1024	0.1	128	0.003	128	0.1	6.333	46.667	50.667	50	47			
611	CLIP	RN50	LAION2.7m	CassavaLeafDisease	16	0.001	1024	0.1	128	3E-05	128	0.1	16	20	24	30	26			
612	CLIP	RN50	LAION2.7m	CassavaLeafDisease	16	0.001	1024	0.1	128	0.0001	128	0.1	16	20	36	36	34			
613	CLIP	RN50	LAION2.7m	CassavaLeafDisease	16	0.001	1024	0.1	128	0.0003	128	0.1	16	20	40	54	46			
614	CLIP	RN50	LAION2.7m	CassavaLeafDisease	16	0.001	1024	0.1	128	0.001	128	0.1	16	40	44	62	57			
615	CLIP	RN50	LAION2.7m	CassavaLeafDisease	16	0.001	1024	0.1	128	0.003	128	0.1	16	40	48	64	57			
616	CLIP	RN50	LAION2.7m	EuroSAT	16	0.001	1024	0.1	128	0.0001	128	0.1	14.5	40	70	69	82			
617	CLIP	RN50	LAION2.7m	EuroSAT	16	0.001	1024	0.1	128	0.0003	128	0.1	14.5	70	84	77	89.5			
618	CLIP	RN50	LAION2.7m	EuroSAT	16	0.001	1024	0.1	128	0.001	128	0.1	14.5	80	84	86	88			
619	CLIP	RN50	LAION2.7m	EuroSAT	16	0.001	1024	0.1	128	0.003	128	0.1	14.5	70	82	89	85.5			
620	CLIP	RN50	LAION2.7m	CameraTraps	16	0.001	1024	0.1	128	0.0001	128	0.1	5	26.667	44	44	45.333			
621	CLIP	RN50	LAION2.7m	CameraTraps	16	0.001	1024	0.1	128	0.0003	128	0.1	5	26.667	45.333	44.667	46.667			
622	CLIP	RN50	LAION2.7m	CameraTraps	16	0.001	1024	0.1	128	0.001	128	0.1	5	40	45.333	48	47.667			
623	CLIP	RN50	LAION2.7m	CameraTraps	16	0.001	1024	0.1	128	0.003	128	0.1	5	40	48	46.667	49			
624	CLIP	RN50	WIT2.7m	CassavaLeafDisease	16	0.001	1024	0.1	128	3E-05	128	0.1	15	40	20	22	18			
625	CLIP	RN50	WIT2.7m	CassavaLeafDisease	16	0.001	1024	0.1	128	0.0001	128	0.1	15	40	24	32	34			
626	CLIP	RN50	WIT2.7m	CassavaLeafDisease	16	0.001	1024	0.1	128	0.0003	128	0.1	15	40	44	42	41			
627	CLIP	RN50	WIT2.7m	CassavaLeafDisease	16	0.001	1024	0.1	128	0.001	128	0.1	15	40	52	48	51			
628	CLIP	RN50	WIT2.7m	CassavaLeafDisease	16	0.001	1024	0.1	128	0.003	128	0.1	15	40	56	52	57			
629	CLIP	RN50	WIT2.7m	EuroSAT	16	0.001	1024	0.1	128	0.0001	128	0.1	14	30	50	20	77			
630	CLIP	RN50	WIT2.7m	EuroSAT	16	0.001	1024	0.1	128	0.0003	128	0.1	14	60	70	78	84.5			
631	CLIP	RN50	WIT2.7m	EuroSAT	16	0.001	1024	0.1	128	0.001	128	0.1	14	80	74	82	86.5			
632	CLIP	RN50	WIT2.7m	EuroSAT	16	0.001	1024	0.1	128	0.003	128	0.1	14	80	80	83	84.5			
633	CLIP	RN50	WIT2.7m	CameraTraps	16	0.001	1024	0.1	128	0.0001	128	0.1	6.333	20	28	44.667	43			
634	CLIP	RN50	WIT2.7m	CameraTraps	16	0.001	1024	0.1	128	0.0003	128	0.1	6.333	40	38.667	42.667	44			
635	CLIP	RN50	WIT2.7m	CameraTraps	16	0.001	1024	0.1	128	0.001	128	0.1	6.333	40	42.667	42.667	46.333			
636	CLIP	RN50	WIT2.7m	CameraTraps	16	0.001	1024	0.1	128	0.003	128	0.1	6.333	40	46.667	44.667	45.667			
637	CLIP	RN50	Shutterstock2.7m	CassavaLeafDisease	16	0.001	1024	0.1	128	3E-05	128	0.1	28	20	28	32	28			
638	CLIP	RN50	Shutterstock2.7m	CassavaLeafDisease	16	0.001	1024	0.1	128	0.0001	128	0.1	28	40	32	42	44			
639	CLIP	RN50	Shutterstock2.7m	CassavaLeafDisease	16	0.001	1024	0.1	128	0.0003	128	0.1	28	20	36	52	51			
640	CLIP	RN50	Shutterstock2.7m	CassavaLeafDisease	16	0.001	1024	0.1	128	0.001	128	0.1	28	40	48	60	60			
641	CLIP	RN50	Shutterstock2.7m	CassavaLeafDisease	16	0.001	1024	0.1	128	0.003	128	0.1	28	40	56	62	57			
642	CLIP	RN50	Shutterstock2.7m	EuroSAT	16	0.001	1024	0.1	128	0.0001	128	0.1	18.5	70	64	68	83.5			
643	CLIP	RN50	Shutterstock2.7m	EuroSAT	16	0.001	1024	0.1	128	0.0003	128	0.1	18.5	70	76	80	86.5			
644	CLIP	RN50	Shutterstock2.7m	EuroSAT	16	0.001	1024	0.1	128	0.001	128	0.1	18.5	75	80	83	88			
645	CLIP	RN50	Shutterstock2.7m	EuroSAT	16	0.001	1024	0.1	128	0.003	128	0.1	18.5	70	80	83	87			
646	CLIP	RN50	Shutterstock2.7m	CameraTraps	16	0.001	1024	0.1	128	0.0001	128	0.1	7.667	13.333	41.333	46.667	44.333			
647	CLIP	RN50	Shutterstock2.7m	CameraTraps	16	0.001	1024	0.1	128	0.0003	128	0.1	7.667	33.333	45.333	48.667	45			
648	CLIP	RN50	Shutterstock2.7m	CameraTraps	16	0.001	1024	0.1	128	0.001	128	0.1	7.667	40	49.333	49.333	50.333			
649	CLIP	RN50	Shutterstock2.7m	CameraTraps	16	0.001	1024	0.1	128	0.003	128	0.1	7.667	33.333	48	46.667	46.333			
650	CLIP	RN50	CC3m	CassavaLeafDisease	16	0.001	512	0.1	128	3E-05	128	0.1						87.407		
651	CLIP	RN50	CC3m	CassavaLeafDisease	16	0.001	512	0.1	128	0.0001	128	0.1						87.453		
652	CLIP	RN50	CC3m	EuroSAT	16	0.001	512	0.1	128	3E-05	128	0.1						98.463		
653	CLIP	RN50	CC3m	EuroSAT	16	0.001	512	0.1	128	0.0001	128	0.1						98.722		
654	CLIP	RN50	CC3m	EuroSAT	16	0.001	512	0.1	128	0.0003	128	0.1						98.889		
655	CLIP	RN50	CC3m	CameraTraps	16	0.001	512	0.1	128	3E-05	128	0.1						69.786		
656	CLIP	RN50	CC3m	CameraTraps	16	0.001	512	0.1	128	0.0001	128	0.1						71.232		
657	CLIP	RN50	CC3m	CameraTraps	16	0.001	512	0.1	128	0.0003	128	0.1						72.152		
658	CLIP	RN50	CC12m	CassavaLeafDisease	16	0.001	1024	0.1	128	3E-05	128	0.1						87.033		
659	CLIP	RN50	CC12m	CassavaLeafDisease	16	0.001	1024	0.1	128	0.0001	128	0.1						87.453		
660	CLIP	RN50	CC12m	EuroSAT	16	0.001	1024	0.1	128	3E-05	128	0.1						98.296		
661	CLIP	RN50	CC12m	EuroSAT	16	0.001	1024	0.1	128	0.0001	128	0.1						98.833		
662	CLIP	RN50	CC12m	EuroSAT	16	0.001	1024	0.1	128	0.0003	128	0.1						98.852		
663	CLIP	RN50	CC12m	CameraTraps	16	0.001	1024	0.1	128	3E-05	128	0.1						69.293		
664	CLIP	RN50	CC12m	CameraTraps	16	0.001	1024	0.1	128	0.0001	128	0.1						71.508		
665	CLIP	RN50	CC12m	CameraTraps	16	0.001	1024	0.1	128	0.0003	128	0.1						72.172		
666	CLIP	RN50	Redcaps2.7m	CassavaLeafDisease	16	0.001	1024	0.1	128	3E-05	128	0.1						87.43		
667	CLIP	RN50	Redcaps2.7m	CassavaLeafDisease	16	0.001	1024	0.1	128	0.0001	128	0.1						87.757		
668	CLIP	RN50	Redcaps2.7m	EuroSAT	16	0.001	1024	0.1	128	3E-05	128	0.1						98.352		
669	CLIP	RN50	Redcaps2.7m	EuroSAT	16	0.001	1024	0.1	128	0.0001	128	0.1						98.778		
670	CLIP	RN50	Redcaps2.7m	EuroSAT	16	0.001	1024	0.1	128	0.0003	128	0.1						98.963		
671	CLIP	RN50	Redcaps2.7m	CameraTraps	16	0.001	1024	0.1	128	3E-05	128	0.1						69.859		
672	CLIP	RN50	Redcaps2.7m	CameraTraps	16	0.001	1024	0.1	128	0.0001	128	0.1						71.87		
673	CLIP	RN50	Redcaps2.7m	CameraTraps	16	0.001	1024	0.1	128	0.0003	128	0.1						72.79		
674	CLIP	RN50	YFCC2.7m	CassavaLeafDisease	16	0.001	1024	0.1	128	3E-05	128	0.1						87.29		
675	CLIP	RN50	YFCC2.7m	CassavaLeafDisease	16	0.001	1024	0.1	128	0.0001	128	0.1						87.71		
676	CLIP	RN50	YFCC2.7m	EuroSAT	16	0.001	1024	0.1	128	3E-05	128	0.1						98.463		
677	CLIP	RN50	YFCC2.7m	EuroSAT	16	0.001	1024	0.1	128	0.0001	128	0.1						98.722		
678	CLIP	RN50	YFCC2.7m	EuroSAT	16	0.001	1024	0.1	128	0.0003	128	0.1						98.963		
679	CLIP	RN50	YFCC2.7m	CameraTraps	16	0.001	1024	0.1	128	3E-05	128	0.1						68.084		
680	CLIP	RN50	YFCC2.7m	CameraTraps	16	0.001	1024	0.1	128	0.0001	128	0.1						70.937		
681	CLIP	RN50	YFCC2.7m	CameraTraps	16	0.001	1024	0.1	128	0.0003	128	0.1						65.225		
682	CLIP	RN50	LAION2.7m	CassavaLeafDisease	16	0.001	1024	0.1	128	3E-05	128	0.1						86.682		
683	CLIP	RN50	LAION2.7m	CassavaLeafDisease	16	0.001	1024	0.1	128	0.0001	128	0.1						87.056		
684	CLIP	RN50	LAION2.7m	EuroSAT	16	0.001	1024	0.1	128	3E-05	128	0.1						98.593		
685	CLIP	RN50	LAION2.7m	EuroSAT	16	0.001	1024	0.1	128	0.0001	128	0.1						98.796		
686	CLIP	RN50	LAION2.7m	EuroSAT	16	0.001	1024	0.1	128	0.0003	128	0.1						98.87		
687	CLIP	RN50	LAION2.7m	CameraTraps	16	0.001	1024	0.1	128	3E-05	128	0.1						52.672		
688	CLIP	RN50	LAION2.7m	CameraTraps	16	0.001	1024	0.1	128	0.0001	128	0.1						71.397		
689	CLIP	RN50	LAION2.7m	CameraTraps	16	0.001	1024	0.1	128	0.0003	128	0.1						71.732		
690	CLIP	RN50	WIT2.7m	CassavaLeafDisease	16	0.001	1024	0.1	128	3E-05	128	0.1						86.893		
691	CLIP	RN50	WIT2.7m	CassavaLeafDisease	16	0.001	1024	0.1	128	0.0001	128	0.1						87.313		
692	CLIP	RN50	WIT2.7m	EuroSAT	16	0.001	1024	0.1	128	3E-05	128	0.1						98.241		
693	CLIP	RN50	WIT2.7m	EuroSAT	16	0.001	1024	0.1	128	0.0001	128	0.1						98.648		
694	CLIP	RN50	WIT2.7m	EuroSAT	16	0.001	1024	0.1	128	0.0003	128	0.1						98.907		
695	CLIP	RN50	WIT2.7m	CameraTraps	16	0.001	1024	0.1	128	3E-05	128	0.1						66.139		
696	CLIP	RN50	WIT2.7m	CameraTraps	16	0.001	1024	0.1	128	0.0001	128	0.1						69.096		
697	CLIP	RN50	WIT2.7m	CameraTraps	16	0.001	1024	0.1	128	0.0003	128	0.1						70.72		
698	CLIP	RN50	Shutterstock2.7m	CassavaLeafDisease	16	0.001	1024	0.1	128	3E-05	128	0.1						87.173		
699	CLIP	RN50	Shutterstock2.7m	CassavaLeafDisease	16	0.001	1024	0.1	128	0.0001	128	0.1						87.477		
700	CLIP	RN50	Shutterstock2.7m	EuroSAT	16	0.001	1024	0.1	128	3E-05	128	0.1						98.389		
701	CLIP	RN50	Shutterstock2.7m	EuroSAT	16	0.001	1024	0.1	128	0.0001	128	0.1						98.833		
702	CLIP	RN50	Shutterstock2.7m	EuroSAT	16	0.001	1024	0.1	128	0.0003	128	0.1						98.87		
703	CLIP	RN50	Shutterstock2.7m	CameraTraps	16	0.001	1024	0.1	128	3E-05	128	0.1						70.174		
704	CLIP	RN50	Shutterstock2.7m	CameraTraps	16	0.001	1024	0.1	128	0.0001	128	0.1						71.587		
705	CLIP	RN50	Shutterstock2.7m	CameraTraps	16	0.001	1024	0.1	128	0.0003	128	0.1						71.272		
706	CLIP	RN50	CC3m	EuroSAT	16	0.001	512	0.1	128	0.005	128	0.1	18			79				
707	CLIP	RN50	CC12m	EuroSAT	16	0.001	1024	0.1	128	0.002	128	0.1	16		82					
708	CLIP	RN50	CC12m	EuroSAT	16	0.001	1024	0.1	128	0.002	128	0.1	17		82	81				
709	CLIP	RN50	CC12m	EuroSAT	16	0.001	1024	0.1	128	0.002	128	0.1	14		82	81	84.5			
710	CLIP	RN50	CC3m	CameraTraps	16	0.001	512	0.1	128	0.002	128	0.1	3.333			48.667				
711	CLIP	RN50	CC3m	CameraTraps	16	0.001	512	0.1	128	0.005	128	0.1	3.333			47.333				
712	CLIP	RN50	CC3m	CameraTraps	16	0.001	512	0.1	128	0.002	128	0.1	2			47.333	53.333			
713	CLIP	RN50	CC3m	CameraTraps	16	0.001	512	0.1	128	0.005	128	0.1	2			47.333	47.667			
714	CLIP	RN50	CC12m	CameraTraps	16	0.001	1024	0.1	128	0.002	128	0.1	5.333			47.333				
715	CLIP	RN50	CC12m	CameraTraps	16	0.001	1024	0.1	128	0.005	128	0.1	5.333			44				
716	CLIP	RN50	CC12m	CameraTraps	16	0.001	1024	0.1	128	0.002	128	0.1	4.667			44	52			
717	CLIP	RN50	CC12m	CameraTraps	16	0.001	1024	0.1	128	0.005	128	0.1	4.667			44	46			
718	CLIP	RN50	Redcaps2.7m	CameraTraps	16	0.001	1024	0.1	128	0.002	128	0.1	6.667			47.333				
719	CLIP	RN50	Redcaps2.7m	CameraTraps	16	0.001	1024	0.1	128	0.005	128	0.1	6.667			45.333				
720	CLIP	RN50	Redcaps2.7m	CameraTraps	16	0.001	1024	0.1	128	0.002	128	0.1	4.667			45.333	48.667			
721	CLIP	RN50	Redcaps2.7m	CameraTraps	16	0.001	1024	0.1	128	0.005	128	0.1	4.667			45.333	49			
722	CLIP	RN50	YFCC2.7m	CameraTraps	16	0.001	1024	0.1	128	0.002	128	0.1	6.667			48.667				
723	CLIP	RN50	YFCC2.7m	CameraTraps	16	0.001	1024	0.1	128	0.005	128	0.1	6.667			45.333				
724	CLIP	RN50	YFCC2.7m	CameraTraps	16	0.001	1024	0.1	128	0.002	128	0.1	6.333			45.333	47.333			
725	CLIP	RN50	YFCC2.7m	CameraTraps	16	0.001	1024	0.1	128	0.005	128	0.1	6.333			45.333	44			
726	CLIP	RN50	LAION2.7m	CameraTraps	16	0.001	1024	0.1	128	0.002	128	0.1	6.667			46.667				
727	CLIP	RN50	LAION2.7m	CameraTraps	16	0.001	1024	0.1	128	0.005	128	0.1	6.667			48				
728	CLIP	RN50	LAION2.7m	CameraTraps	16	0.001	1024	0.1	128	0.002	128	0.1	5			48	49.667			
729	CLIP	RN50	LAION2.7m	CameraTraps	16	0.001	1024	0.1	128	0.005	128	0.1	5			48	46			
730	CLIP	RN50	WIT2.7m	CameraTraps	16	0.001	1024	0.1	128	0.002	128	0.1	6.667			43.333				
731	CLIP	RN50	WIT2.7m	CameraTraps	16	0.001	1024	0.1	128	0.005	128	0.1	6.667			46				
732	CLIP	RN50	WIT2.7m	CameraTraps	16	0.001	1024	0.1	128	0.002	128	0.1	6.333			46	46			
733	CLIP	RN50	WIT2.7m	CameraTraps	16	0.001	1024	0.1	128	0.005	128	0.1	6.333			46	46.667			
734	CLIP	RN50	Shutterstock2.7m	CameraTraps	16	0.001	1024	0.1	128	0.002	128	0.1	6			49.333				
735	CLIP	RN50	Shutterstock2.7m	CameraTraps	16	0.001	1024	0.1	128	0.005	128	0.1	6			45.333				
736	CLIP	RN50	Shutterstock2.7m	CameraTraps	16	0.001	1024	0.1	128	0.002	128	0.1	7.667			45.333	50.333			
737	CLIP	RN50	Shutterstock2.7m	CameraTraps	16	0.001	1024	0.1	128	0.005	128	0.1	7.667			45.333	47			
738	CLIP	RN50	CC3m	CassavaLeafDisease	16	0.001	512	0.1	128	0.005	128	0.1	18			58				
739	CLIP	RN50	CC3m	CassavaLeafDisease	16	0.001	512	0.1	128	0.005	128	0.1	20			58	56			
740	CLIP	RN50	Redcaps2.7m	CassavaLeafDisease	16	0.001	1024	0.1	128	0.005	128	0.1	10			58				
741	CLIP	RN50	Redcaps2.7m	CassavaLeafDisease	16	0.001	1024	0.1	128	0.005	128	0.1	11			58	62			
742	CLIP	RN50	LAION2.7m	CassavaLeafDisease	16	0.001	1024	0.1	128	0.005	128	0.1	16			58				
743	CLIP	RN50	LAION2.7m	CassavaLeafDisease	16	0.001	1024	0.1	128	0.005	128	0.1	16			58	62			
744	CLIP	RN50	WIT2.7m	CassavaLeafDisease	16	0.001	1024	0.1	128	0.005	128	0.1	16			56				
745	CLIP	RN50	WIT2.7m	CassavaLeafDisease	16	0.001	1024	0.1	128	0.005	128	0.1	15			56	67			
746	Supervised	RN50	IN1K	CIFAR100	90	0.05	64	0.1	128	0.0001	128	0.1		2.58	32.81	48.65	59.53	84.93		
747	Supervised	RN50	IN1K	DTD	90	0.05	64	0.1	128	0.0001	128	0.1		8.936	43.564	55.213	65.053	71.17		
748	Supervised	RN50	IN1K	CALTECH101	90	0.05	64	0.1	128	0.0001	128	0.1		9.484	79.126	85.848		92.176		
749	Supervised	RN50	IN1K	PETS	90	0.05	64	0.1	128	0.0001	128	0.1		11.968	78.299	84.869	88.359	92.612		
750	Supervised	RN50	IN1K	REAL	90	0.05	64	0.1	128	0.0001	128	0.1		22.029	55.246	62.899	69.043	85.1		
751	Supervised	RN50	IN1K	CLIPART	90	0.05	64	0.1	128	0.0001	128	0.1		11.014	37.623	51.188	62.145	74.1		
752	CLIP	RN50	LAION1m	CIFAR100	16	0.001	1024	0.1	128	0.0001	128	0.1	12.15					80.23		
753	CLIP	RN50	LAION1m	DTD	16	0.001	1024	0.1	128	0.0001	128	0.1	1.702					59.096		
754	CLIP	RN50	LAION1m	PETS	16	0.001	1024	0.1	128	0.0001	128	0.1	3.817					79.853		
755	CLIP	RN50	LAION2.7m	CIFAR100	16	0.001	1024	0.1	128	0.0001	128	0.1	23.12					81.93		
756	CLIP	RN50	LAION2.7m	DTD	16	0.001	1024	0.1	128	0.0001	128	0.1	1.915					65.266		
757	CLIP	RN50	LAION2.7m	PETS	16	0.001	1024	0.1	128	0.0001	128	0.1	3.081					83.533		
758	CLIP	RN50	LAION5m	CIFAR100	16	0.001	1024	0.1	128	0.0001	128	0.1	27.47					82.56		
759	CLIP	RN50	LAION5m	DTD	16	0.001	1024	0.1	128	0.0001	128	0.1	2.234					65.745		
760	CLIP	RN50	LAION5m	PETS	16	0.001	1024	0.1	128	0.0001	128	0.1	3.79					85.578		
761	CLIP	RN50	LAION7.5m	CIFAR100	16	0.001	1024	0.1	128	0.0001	128	0.1	33.68					83.8		
762	CLIP	RN50	LAION7.5m	DTD	16	0.001	1024	0.1	128	0.0001	128	0.1	2.447					67.021		
763	CLIP	RN50	LAION7.5m	PETS	16	0.001	1024	0.1	128	0.0001	128	0.1	3.953					85.742		
764	CLIP	RN50	LAION9.6m	CIFAR100	16	0.001	1024	0.1	128	0.0001	128	0.1	37.43					83.35		
765	CLIP	RN50	LAION9.6m	DTD	16	0.001	1024	0.1	128	0.0001	128	0.1	1.809					67.447		
766	CLIP	RN50	LAION9.6m	PETS	16	0.001	1024	0.1	128	0.0001	128	0.1	3.844					87.186		
767	CLIP	RN50	LAION15m	CIFAR100	16	0.001	1024	0.1	128	0.0001	128	0.1	39.01					83.68		
768	CLIP	RN50	LAION15m	DTD	16	0.001	1024	0.1	128	0.0001	128	0.1	1.968					67.713		
769	CLIP	RN50	LAION15m	PETS	16	0.001	1024	0.1	128	0.0001	128	0.1	3.899					87.541		
770	CLIP	RN50	LAION0m	CIFAR100	16	0.001	1024	0.1	128	0.0001	128	0.1	1					72.82		
771	CLIP	RN50	LAION0m	DTD	16	0.001	1024	0.1	128	0.0001	128	0.1	2.13					44.62		
772	CLIP	RN50	LAION0m	PETS	16	0.001	1024	0.1	128	0.0001	128	0.1	2.72					67.97		
773	CLIP	RN50	LAION2B	CIFAR100	16	0.001	1024	0.1	128	0.0001	128	0.1	68.09					90.52		
774	CLIP	RN50	LAION2B	DTD	16	0.001	1024	0.1	128	0.0001	128	0.1	2.13					74.31		
775	CLIP	RN50	LAION2B	PETS	16	0.001	1024	0.1	128	0.0001	128	0.1	2.72					93.1		
776	CLIP	VITB32	LAION2B	PETS	16	0.001	1024	0.1	128	1E-05	128	0.1	5.425	8.588	30.125	47.928	73.8			
777	CLIP	VITB32	LAION2B	PETS	16	0.001	1024	0.1	128	3E-05	128	0.1	5.425	11.75	38.332	53.49	75.218			
778	CLIP	VITB32	LAION2B	PETS	16	0.001	1024	0.1	128	3E-06	128	0.1	5.425	7.225	17.339	32.634	64.286			
779	CLIP	VITB32	LAION2B	REAL	16	0.001	1024	0.1	128	1E-05	128	0.1	0.522	8.696	39.942	56.783	69.899			
780	CLIP	VITB32	LAION2B	REAL	16	0.001	1024	0.1	128	3E-05	128	0.1	0.522	11.884	44.174	59.855	70.464	88		
781	CLIP	VITB32	LAION2B	REAL	16	0.001	1024	0.1	128	3E-06	128	0.1	0.522	4.058	26.493	45.768	61.058			
782	CLIP	VITB32	LAION2B	CLIPART	16	0.001	1024	0.1	128	1E-05	128	0.1	0.536	4.928	29.797	50.551	66.551			
783	CLIP	VITB32	LAION2B	CLIPART	16	0.001	1024	0.1	128	3E-05	128	0.1	0.536	7.826	36.464	57.072	67.261	76		
784	CLIP	VITB32	LAION2B	CLIPART	16	0.001	1024	0.1	128	3E-06	128	0.1	0.536	1.739	19.768	38.667	56.449			
785	CLIP	RN50	LAION15m	PETS	16	0.001	1024	0.1	128	3E-05	128	0.1	3.899	4.716	8.642	18.702	49.291			
786	CLIP	RN50	LAION15m	PETS	16	0.001	1024	0.1	128	0.0001	128	0.1	3.899	5.398	19.847	42.203	66.63			
787	CLIP	RN50	LAION15m	PETS	16	0.001	1024	0.1	128	0.0003	128	0.1	3.899	6.652	29.253	47.492	70.747			
788	CLIP	RN50	LAION15m	REAL	16	0.001	1024	0.1	128	3E-05	128	0.1	0.362	2.319	27.13	48.203	61.217			
789	CLIP	RN50	LAION15m	REAL	16	0.001	1024	0.1	128	0.0001	128	0.1	0.362	8.406	41.913	54.174	63.159	84.5		
790	CLIP	RN50	LAION15m	REAL	16	0.001	1024	0.1	128	0.0003	128	0.1	0.362	13.333	42.319	51.913	61.043			
791	CLIP	RN50	LAION15m	CLIPART	16	0.001	1024	0.1	128	3E-05	128	0.1	0.609	0.87	14.667	32.551	52.696			
792	CLIP	RN50	LAION15m	CLIPART	16	0.001	1024	0.1	128	0.0001	128	0.1	0.609	3.478	26.725	44.203	56.71			
793	CLIP	RN50	LAION15m	CLIPART	16	0.001	1024	0.1	128	0.0003	128	0.1	0.609	6.377	29.217	44.754	57.058	72.5		
794	CLIP	RN50	LAION2.7m	PETS	16	0.001	1024	0.1	128	3E-05	128	0.1	3.081	3.408	4.444	12.35	34.051			
795	CLIP	RN50	LAION2.7m	PETS	16	0.001	1024	0.1	128	0.0001	128	0.1	3.081	3.435	15.322	32.443	56.87			
796	CLIP	RN50	LAION2.7m	PETS	16	0.001	1024	0.1	128	0.0003	128	0.1	3.081	6.216	26.854	41.603	65.213			
797	CLIP	RN50	LAION2.7m	REAL	16	0.001	1024	0.1	128	3E-05	128	0.1	0.174	1.449	11.362	24.696	42.681			
798	CLIP	RN50	LAION2.7m	REAL	16	0.001	1024	0.1	128	0.0001	128	0.1	0.174	4.058	25.449	38.928	52.58			
799	CLIP	RN50	LAION2.7m	REAL	16	0.001	1024	0.1	128	0.0003	128	0.1	0.174	8.406	31.246	43.681	54.899			
800	CLIP	RN50	LAION2.7m	CLIPART	16	0.001	1024	0.1	128	3E-05	128	0.1	0.319	1.449	5.101	16	32.623			
801	CLIP	RN50	LAION2.7m	CLIPART	16	0.001	1024	0.1	128	0.0001	128	0.1	0.319	2.319	17.159	29.217	44.348			
802	CLIP	RN50	LAION2.7m	CLIPART	16	0.001	1024	0.1	128	0.0003	128	0.1	0.319	4.638	21.507	34.58	49.188			
803	CLIP	RN50	YFCC15m	PETS	16	0.001	1024	0.1	128	3E-05	128	0.1	4.008	4.498	9.051	21.51	51.799			
804	CLIP	RN50	YFCC15m	PETS	16	0.001	1024	0.1	128	0.0001	128	0.1	4.008	5.971	21.074	39.504	66.63	86.5		
805	CLIP	RN50	YFCC15m	PETS	16	0.001	1024	0.1	128	0.0003	128	0.1	4.008	8.833	28.162	44.138	67.993			
806	CLIP	RN50	YFCC15m	REAL	16	0.001	1024	0.1	128	3E-05	128	0.1	0.13	1.159	24.812	42.696	56.783			
807	CLIP	RN50	YFCC15m	REAL	16	0.001	1024	0.1	128	0.0001	128	0.1	0.13	7.536	36.812	49.681	60.536	84		
808	CLIP	RN50	YFCC15m	REAL	16	0.001	1024	0.1	128	0.0003	128	0.1	0.13	11.884	37.333	49.681	59.609			
809	CLIP	RN50	YFCC15m	CLIPART	16	0.001	1024	0.1	128	3E-05	128	0.1	0.304	0.58	9.623	23.536	40.435			
810	CLIP	RN50	YFCC15m	CLIPART	16	0.001	1024	0.1	128	0.0001	128	0.1	0.304	2.609	19.362	33.391	48.449	71.5		
811	CLIP	RN50	YFCC15m	CLIPART	16	0.001	1024	0.1	128	0.0003	128	0.1	0.304	4.638	22.319	38.145	51.478			
812	CLIP	RN50	YFCC2.7m	PETS	16	0.001	1024	0.1	128	3E-05	128	0.1	3.626	4.171	6.761	12.514	33.806			
813	CLIP	RN50	YFCC2.7m	PETS	16	0.001	1024	0.1	128	0.0001	128	0.1	3.626	5.016	14.231	29.853	54.253			
814	CLIP	RN50	YFCC2.7m	PETS	16	0.001	1024	0.1	128	0.0003	128	0.1	3.626	7.388	25.573	38.332	60.605			
815	CLIP	RN50	YFCC2.7m	REAL	16	0.001	1024	0.1	128	3E-05	128	0.1	0.217	0.58	8.058	19.014	35.174			
816	CLIP	RN50	YFCC2.7m	REAL	16	0.001	1024	0.1	128	0.0001	128	0.1	0.217	2.609	19.594	33.043	46.058			
817	CLIP	RN50	YFCC2.7m	REAL	16	0.001	1024	0.1	128	0.0003	128	0.1	0.217	6.087	26.899	37.971	49.232			
818	CLIP	RN50	YFCC2.7m	CLIPART	16	0.001	1024	0.1	128	3E-05	128	0.1	0.217	0.87	4.406	10.58	21.29			
819	CLIP	RN50	YFCC2.7m	CLIPART	16	0.001	1024	0.1	128	0.0001	128	0.1	0.217	1.159	10.145	20.435	34.188			
820	CLIP	RN50	YFCC2.7m	CLIPART	16	0.001	1024	0.1	128	0.0003	128	0.1	0.217	3.478	15.594	26.841	40.928			
821	CLIP_LP-FT	RN50	Shutterstock2.7m	PETS	16	0.001	1024	0.1	128	0.0003	128	0.1	7.988	6.461	27.126	46.401	68.975			
822	CLIP_LP-FT	RN50	Shutterstock2.7m	PETS	16	0.001	1024	0.1	128	0.001	128	0.1	30.616	9.733	34.324	54.853	71.51			
823	CLIP_LP-FT	RN50	Shutterstock2.7m	PETS	16	0.001	1024	0.1	128	0.003	128	0.1	69.029	9.733	52.754	66.412	75.491			
824	CLIP_LP-FT	RN50	Shutterstock2.7m	REAL	16	0.001	1024	0.1	128	0.0003	128	0.1	1.957	7.536	31.304	44.174	56.203			
825	CLIP_LP-FT	RN50	Shutterstock2.7m	REAL	16	0.001	1024	0.1	128	0.001	128	0.1	46.159	9.275	33.565	49.159	60.464			
826	CLIP_LP-FT	RN50	Shutterstock2.7m	REAL	16	0.001	1024	0.1	128	0.003	128	0.1	86.609	9.275	52.406	73.826	79.493			
827	CLIP_LP-FT	RN50	Shutterstock2.7m	CLIPART	16	0.001	1024	0.1	128	0.0003	128	0.1	1.71	4.058	21.855	38	51.072			
828	CLIP_LP-FT	RN50	Shutterstock2.7m	CLIPART	16	0.001	1024	0.1	128	0.001	128	0.1	39.725	4.058	26.493	43.043	56.551			
829	CLIP_LP-FT	RN50	Shutterstock2.7m	CLIPART	16	0.001	1024	0.1	128	0.003	128	0.1	82.029	7.826	40.29	63.855	73.377			
830	CLIP_LP-FT	RN50	CC12m	PETS	16	0.001	1024	0.1	128	0.0003	128	0.1	6.625	6.979	28.762	45.583	67.666			
831	CLIP_LP-FT	RN50	CC12m	PETS	16	0.001	1024	0.1	128	0.001	128	0.1	27.535	10.115	35.442	53.299	71.347			
832	CLIP_LP-FT	RN50	CC12m	PETS	16	0.001	1024	0.1	128	0.003	128	0.1	73.01	25.027	52.89	66.576	76.172			
833	CLIP_LP-FT	RN50	CC12m	REAL	16	0.001	1024	0.1	128	0.0003	128	0.1	0.899	8.406	33.217	45.159	56.551			
834	CLIP_LP-FT	RN50	CC12m	REAL	16	0.001	1024	0.1	128	0.001	128	0.1	39.884	8.986	37.391	50.435	60.333			
835	CLIP_LP-FT	RN50	CC12m	REAL	16	0.001	1024	0.1	128	0.003	128	0.1	89.942	13.623	49.565	71.71	80.739			
836	CLIP_LP-FT	RN50	CC12m	CLIPART	16	0.001	1024	0.1	128	0.0003	128	0.1	1.014	4.058	20.812	37.13	50.71			
837	CLIP_LP-FT	RN50	CC12m	CLIPART	16	0.001	1024	0.1	128	0.001	128	0.1	29.725	4.058	23.014	41.275	55.275			
838	CLIP_LP-FT	RN50	CC12m	CLIPART	16	0.001	1024	0.1	128	0.003	128	0.1	81.797	6.087	33.449	56.493	69.913			
839	CLIP_LP-FT	RN50	Redcaps2.7m	PETS	16	0.001	1024	0.1	128	0.0003	128	0.1	6.407	8.424	31.216	51.554	72.764			
840	CLIP_LP-FT	RN50	Redcaps2.7m	PETS	16	0.001	1024	0.1	128	0.001	128	0.1	34.896	12.159	40.076	59.569	75.354			
841	CLIP_LP-FT	RN50	Redcaps2.7m	PETS	16	0.001	1024	0.1	128	0.003	128	0.1	79.935	8.424	63.004	74.346	81.325			
842	CLIP_LP-FT	RN50	Redcaps2.7m	REAL	16	0.001	1024	0.1	128	0.0003	128	0.1	1.739	8.696	31.768	44.232	55.536			
843	CLIP_LP-FT	RN50	Redcaps2.7m	REAL	16	0.001	1024	0.1	128	0.001	128	0.1	43.362	8.986	35.826	49.159	59.565			
844	CLIP_LP-FT	RN50	Redcaps2.7m	REAL	16	0.001	1024	0.1	128	0.003	128	0.1	43.362	8.986	48.348	64.638	59.565			
845	CLIP_LP-FT	RN50	Redcaps2.7m	CLIPART	16	0.001	1024	0.1	128	0.0003	128	0.1	1.87	3.478	17.971	31.971	46.13			
846	CLIP_LP-FT	RN50	Redcaps2.7m	CLIPART	16	0.001	1024	0.1	128	0.001	128	0.1	23.203	3.478	20.696	37.043	50.188			
847	CLIP_LP-FT	RN50	Redcaps2.7m	CLIPART	16	0.001	1024	0.1	128	0.003	128	0.1	66.043	5.797	28.87	43.565	55.812			
848	CLIP_LP-FT	RN50	Shutterstock2.7m	CIFAR100	16	0.001	1024	0.1	128	0.0003	128	0.1	31.93	27.69	40.84	45.31	52.05			
849	CLIP_LP-FT	RN50	Shutterstock2.7m	CIFAR100	16	0.001	1024	0.1	128	0.001	128	0.1	45.96	36.9	45.27	48.3	53.8			
850	CLIP_LP-FT	RN50	Shutterstock2.7m	CIFAR100	16	0.001	1024	0.1	128	0.003	128	0.1	52.41	47.96	47.63	50.55	55.13			
851	CLIP_LP-FT	RN50	Shutterstock2.7m	DTD	16	0.001	1024	0.1	128	0.0003	128	0.1	3.67	12.34	42.287	51.915	60.16			
852	CLIP_LP-FT	RN50	Shutterstock2.7m	DTD	16	0.001	1024	0.1	128	0.001	128	0.1	18.032	15.053	44.681	54.043	61.223			
853	CLIP_LP-FT	RN50	Shutterstock2.7m	DTD	16	0.001	1024	0.1	128	0.003	128	0.1	64.521	26.383	51.702	63.085	65.745			
854	CLIP_LP-FT	RN50	Shutterstock2.7m	CALTECH101	16	0.001	1024	0.1	128	0.0003	128	0.1	23.258	15.138	64.464	75.214				
855	CLIP_LP-FT	RN50	Shutterstock2.7m	CALTECH101	16	0.001	1024	0.1	128	0.001	128	0.1	65.253	31.065	73.767	79.652				
856	CLIP_LP-FT	RN50	Shutterstock2.7m	CALTECH101	16	0.001	1024	0.1	128	0.003	128	0.1	91.338	67.702	89.892	87.114				
857	CLIP_LP-FT	RN50	CC12m	CIFAR100	16	0.001	1024	0.1	128	0.0003	128	0.1	31.39	26.67	36.84	44.59	51.79			
858	CLIP_LP-FT	RN50	CC12m	CIFAR100	16	0.001	1024	0.1	128	0.001	128	0.1	44.81	35.28	42.23	46.43	52.95			
859	CLIP_LP-FT	RN50	CC12m	CIFAR100	16	0.001	1024	0.1	128	0.003	128	0.1	52.71	46.98	45.7	50.04	54.29			
860	CLIP_LP-FT	RN50	CC12m	DTD	16	0.001	1024	0.1	128	0.0003	128	0.1	3.457	12.394	36.011	45.479	56.383			
861	CLIP_LP-FT	RN50	CC12m	DTD	16	0.001	1024	0.1	128	0.001	128	0.1	14.096	13.883	38.085	47.926	57.394			
862	CLIP_LP-FT	RN50	CC12m	DTD	16	0.001	1024	0.1	128	0.003	128	0.1	54.043	20.319	44.362	54.84	59.734			
863	CLIP_LP-FT	RN50	CC12m	CALTECH101	16	0.001	1024	0.1	128	0.0003	128	0.1	20.874	11.045	61.045	74.458				
864	CLIP_LP-FT	RN50	CC12m	CALTECH101	16	0.001	1024	0.1	128	0.001	128	0.1	61.292	22.929	72.699	77.581				
865	CLIP_LP-FT	RN50	CC12m	CALTECH101	16	0.001	1024	0.1	128	0.003	128	0.1	91.765	63.577	89.678	86.012				
866	CLIP_LP-FT	RN50	Redcaps2.7m	CIFAR100	16	0.001	1024	0.1	128	0.0003	128	0.1	20.26	18.26	32.39	42.33	49.96			
867	CLIP_LP-FT	RN50	Redcaps2.7m	CIFAR100	16	0.001	1024	0.1	128	0.001	128	0.1	36.43	25.33	35.28	43.89	51.09			
868	CLIP_LP-FT	RN50	Redcaps2.7m	CIFAR100	16	0.001	1024	0.1	128	0.003	128	0.1	45.13	39.17	35.5	44.6	51.88			
869	CLIP_LP-FT	RN50	Redcaps2.7m	DTD	16	0.001	1024	0.1	128	0.0003	128	0.1	3.457	15.053	39.628	47.128	56.33			
870	CLIP_LP-FT	RN50	Redcaps2.7m	DTD	16	0.001	1024	0.1	128	0.001	128	0.1	17.287	17.66	41.33	49.84	57.872			
871	CLIP_LP-FT	RN50	Redcaps2.7m	DTD	16	0.001	1024	0.1	128	0.003	128	0.1	55.479	24.415	46.064	54.574	60.106			
872	CLIP_LP-FT	RN50	Redcaps2.7m	CALTECH101	16	0.001	1024	0.1	128	0.0003	128	0.1	24.54	15.237	62.525	74.162				
873	CLIP_LP-FT	RN50	Redcaps2.7m	CALTECH101	16	0.001	1024	0.1	128	0.001	128	0.1	60.963	27.301	70.48	78.156				
874	CLIP_LP-FT	RN50	Redcaps2.7m	CALTECH101	16	0.001	1024	0.1	128	0.003	128	0.1	86.851	63.067	84.517	82.955				
875	CLIP	VITB32	LAION400m	CIFAR100	32	0.001	1024	0.1	128	3E-06	128	0.1	66.46	70.8	75.94	77.76	80.05	90.05		
876	CLIP	VITB32	LAION400m	CIFAR100	32	0.001	1024	0.1	128	1E-05	128	0.1	66.46	71.58	75.08	76.72	78.41	88.97		
877	CLIP	VITB32	LAION400m	CIFAR100	32	0.001	1024	0.1	128	3E-05	128	0.1	66.46	71.74	73.92	76.45	76.17	87.19		
878	CLIP	VITB32	LAION400m	DTD	32	0.001	1024	0.1	128	3E-06	128	0.1	1.011	2.234	25.266	53.936	65.638	73.191		
879	CLIP	VITB32	LAION400m	DTD	32	0.001	1024	0.1	128	1E-05	128	0.1	1.011	8.404	44.787	58.457	67.074	74.043		
880	CLIP	VITB32	LAION400m	DTD	32	0.001	1024	0.1	128	3E-05	128	0.1	1.011	17.926	48.298	56.489	65.585	72.926		
881	CLIP	VITB32	LAION400m	CALTECH101	32	0.001	1024	0.1	128	3E-06	128	0.1	1.183	1.496	46.318	71.926		88.166		
882	CLIP	VITB32	LAION400m	CALTECH101	32	0.001	1024	0.1	128	1E-05	128	0.1	1.183	7.265	60.026	79.06		91.864		
883	CLIP	VITB32	LAION400m	CALTECH101	32	0.001	1024	0.1	128	3E-05	128	0.1	1.183	15.549	65.631	80.654		91.93		
884	CLIP	VITB32	OpenAI400m	CIFAR100	32	0.001	1024	0.1	128	3E-06	128	0.1	61.11	70.25	75.48	77.93	79.66	90.14		
885	CLIP	VITB32	OpenAI400m	CIFAR100	32	0.001	1024	0.1	128	1E-05	128	0.1	61.11	70.87	75.3	76.97	77.65	89.67		
886	CLIP	VITB32	OpenAI400m	CIFAR100	32	0.001	1024	0.1	128	3E-05	128	0.1	61.11	70.48	73.87	74.73	75.56	87.33		
887	CLIP	VITB32	OpenAI400m	DTD	32	0.001	1024	0.1	128	3E-06	128	0.1	1.383	3.936	28.191	54.309	66.277	72.872		
888	CLIP	VITB32	OpenAI400m	DTD	32	0.001	1024	0.1	128	1E-05	128	0.1	1.383	9.309	45.479	57.234	66.596	73.936		
889	CLIP	VITB32	OpenAI400m	DTD	32	0.001	1024	0.1	128	3E-05	128	0.1	1.383	19.309	48.564	56.223	64.521	71.702		
890	CLIP	VITB32	OpenAI400m	CALTECH101	32	0.001	1024	0.1	128	3E-06	128	0.1	1.397	1.89	56.361	65.072		91.946		
891	CLIP	VITB32	OpenAI400m	CALTECH101	32	0.001	1024	0.1	128	1E-05	128	0.1	1.397	9.303	67.028	82.249		93.935		
892	CLIP	VITB32	OpenAI400m	CALTECH101	32	0.001	1024	0.1	128	3E-05	128	0.1	1.397	19.017	69.099	82.922		92.702		
893	SimCLR_LP-FT	RN50	Shutterstock2.7m	CIFAR100	16	0.001	1024	0.1	128	0.0003	128	0.1		33.88	42.04	47.14	52.81	83.85		
895	SimCLR_LP-FT	RN50	Shutterstock2.7m	CIFAR100	16	0.001	1024	0.1	128	0.001	128	0.1		40.4	46.36	48.93	53.21	70.12		
897	SimCLR_LP-FT	RN50	Shutterstock2.7m	CIFAR100	16	0.001	1024	0.1	128	0.003	128	0.1		47.27	48.65	50.56	53.06	83.41		
899	SimCLR_LP-FT	RN50	Shutterstock2.7m	DTD	16	0.001	1024	0.1	128	0.0003	128	0.1		56.489	56.436	57.181	61.809	66.809		
901	SimCLR_LP-FT	RN50	Shutterstock2.7m	DTD	16	0.001	1024	0.1	128	0.001	128	0.1		57.074	58.989	62.713	66.117	67.926		
903	SimCLR_LP-FT	RN50	Shutterstock2.7m	DTD	16	0.001	1024	0.1	128	0.003	128	0.1		62.181	66.064	70.426	71.309	71.064		
905	SimCLR_LP-FT	RN50	Shutterstock2.7m	CALTECH101	16	0.001	1024	0.1	128	0.0003	128	0.1		57.676	75.099	80.358		87.853		
907	SimCLR_LP-FT	RN50	Shutterstock2.7m	CALTECH101	16	0.001	1024	0.1	128	0.001	128	0.1		68.508	79.915	81.969		88.051		
909	SimCLR_LP-FT	RN50	Shutterstock2.7m	CALTECH101	16	0.001	1024	0.1	128	0.003	128	0.1		77.991	84.961	86.435		88.511		
911	SimCLR_LP-FT	RN50	Shutterstock2.7m	PETS	16	0.001	1024	0.1	128	0.0003	128	0.1		43.511	53.435	62.05	71.429	86.423		
913	SimCLR_LP-FT	RN50	Shutterstock2.7m	PETS	16	0.001	1024	0.1	128	0.001	128	0.1		47.083	58.043	64.313	72.001	86.26		
915	SimCLR_LP-FT	RN50	Shutterstock2.7m	PETS	16	0.001	1024	0.1	128	0.003	128	0.1		43.511	58.043	64.313	72.001	85.578		
917	SimCLR_LP-FT	RN50	Shutterstock2.7m	REAL	16	0.001	1024	0.1	128	0.0003	128	0.1		38	44.986	49.536	57.435	80		
919	SimCLR_LP-FT	RN50	Shutterstock2.7m	REAL	16	0.001	1024	0.1	128	0.001	128	0.1		37	47.42	58.377	59.087			
921	SimCLR_LP-FT	RN50	Shutterstock2.7m	REAL	16	0.001	1024	0.1	128	0.003	128	0.1		37	41.391	51.101	63.551			
923	SimCLR_LP-FT	RN50	Shutterstock2.7m	CLIPART	16	0.001	1024	0.1	128	0.0003	128	0.1		35.71	40.812	42.029	54.435	73.211		
925	SimCLR_LP-FT	RN50	Shutterstock2.7m	CLIPART	16	0.001	1024	0.1	128	0.001	128	0.1		35.71	46.609	44.986	54.275	73.382		
927	SimCLR_LP-FT	RN50	Shutterstock2.7m	CLIPART	16	0.001	1024	0.1	128	0.003	128	0.1		35.71	40.812	54.203	54.986	73.3		
929	SimCLR_LP-FT	RN50	CC12m	CIFAR100	16	0.001	1024	0.1	128	0.0003	128	0.1		31.65	39.59	45.48	51.04	83.63		
931	SimCLR_LP-FT	RN50	CC12m	CIFAR100	16	0.001	1024	0.1	128	0.001	128	0.1		35.12	42.38	46.2	52.2	83.81		
933	SimCLR_LP-FT	RN50	CC12m	CIFAR100	16	0.001	1024	0.1	128	0.003	128	0.1		41.38	43.49	46.59	52.18	83.76		
935	SimCLR_LP-FT	RN50	CC12m	DTD	16	0.001	1024	0.1	128	0.0003	128	0.1		60.053	59.787	59.894	61.649	67.66		
937	SimCLR_LP-FT	RN50	CC12m	DTD	16	0.001	1024	0.1	128	0.001	128	0.1		60.851	62.128	64.681	66.223	68.032		
939	SimCLR_LP-FT	RN50	CC12m	DTD	16	0.001	1024	0.1	128	0.003	128	0.1		65.213	68.564	71.447	72.03	72.128		
941	SimCLR_LP-FT	RN50	CC12m	CALTECH101	16	0.001	1024	0.1	128	0.0003	128	0.1		59.155	77.35	81.87		88.922		
943	SimCLR_LP-FT	RN50	CC12m	CALTECH101	16	0.001	1024	0.1	128	0.001	128	0.1		68.705	80.769	82.528		89.234		
945	SimCLR_LP-FT	RN50	CC12m	CALTECH101	16	0.001	1024	0.1	128	0.003	128	0.1		77.531	85.947	87.928		89.234		
947	SimCLR_LP-FT	RN50	CC12m	PETS	16	0.001	1024	0.1	128	0.0003	128	0.1		46.047	55.453	62.841	73.528	87.077		
949	SimCLR_LP-FT	RN50	CC12m	PETS	16	0.001	1024	0.1	128	0.001	128	0.1		48.828	60.333	65.812	72.928	86.369		
951	SimCLR_LP-FT	RN50	CC12m	PETS	16	0.001	1024	0.1	128	0.003	128	0.1		55.889	60.333	65.812	73.337	85.769		
953	SimCLR_LP-FT	RN50	CC12m	REAL	16	0.001	1024	0.1	128	0.0003	128	0.1		39.42	53.507	56.522	60.783	77		
955	SimCLR_LP-FT	RN50	CC12m	REAL	16	0.001	1024	0.1	128	0.001	128	0.1		39.71	54.029	62.986	61.884			
957	SimCLR_LP-FT	RN50	CC12m	REAL	16	0.001	1024	0.1	128	0.003	128	0.1		40	56.841	66.116	68.739			
959	SimCLR_LP-FT	RN50	CC12m	CLIPART	16	0.001	1024	0.1	128	0.0003	128	0.1		39.71	40.464	34.29	55.652	23.58		
961	SimCLR_LP-FT	RN50	CC12m	CLIPART	16	0.001	1024	0.1	128	0.001	128	0.1		39.71	46.435	46.551	56.565	74.396		
963	SimCLR_LP-FT	RN50	CC12m	CLIPART	16	0.001	1024	0.1	128	0.003	128	0.1		39.71	46.435	54.87	56.826	74.04		
965	SimCLR_LP-FT	RN50	Redcaps2.7m	CIFAR100	16	0.001	1024	0.1	128	0.0003	128	0.1		26.58	39.21	46.27	53.69	84.36		
967	SimCLR_LP-FT	RN50	Redcaps2.7m	CIFAR100	16	0.001	1024	0.1	128	0.001	128	0.1		31.97	43.93	47.45	54.69	84.55		
969	SimCLR_LP-FT	RN50	Redcaps2.7m	CIFAR100	16	0.001	1024	0.1	128	0.003	128	0.1		39.12	44.6	48.07	55.01	84.09		
971	SimCLR_LP-FT	RN50	Redcaps2.7m	DTD	16	0.001	1024	0.1	128	0.0003	128	0.1		61.436	61.649	61.543	62.766	67.394		
973	SimCLR_LP-FT	RN50	Redcaps2.7m	DTD	16	0.001	1024	0.1	128	0.001	128	0.1		62.287	63.564	66.649	66.862	69.043		
975	SimCLR_LP-FT	RN50	Redcaps2.7m	DTD	16	0.001	1024	0.1	128	0.003	128	0.1		66.915	70.16	71.777	72.832	73.138		
977	SimCLR_LP-FT	RN50	Redcaps2.7m	CALTECH101	16	0.001	1024	0.1	128	0.0003	128	0.1		58.531	75.23	81.772		89.07		
979	SimCLR_LP-FT	RN50	Redcaps2.7m	CALTECH101	16	0.001	1024	0.1	128	0.001	128	0.1		67.439	79.093	83.514		89.793		
981	SimCLR_LP-FT	RN50	Redcaps2.7m	CALTECH101	16	0.001	1024	0.1	128	0.003	128	0.1		77.811	85.487	87.204		90.155		
983	SimCLR_LP-FT	RN50	Redcaps2.7m	PETS	16	0.001	1024	0.1	128	0.0003	128	0.1		58.806	66.848	71.892	76.963	87.214		
985	SimCLR_LP-FT	RN50	Redcaps2.7m	PETS	16	0.001	1024	0.1	128	0.001	128	0.1		62.323	70.311	74.427	78.217	87.323		
987	SimCLR_LP-FT	RN50	Redcaps2.7m	PETS	16	0.001	1024	0.1	128	0.003	128	0.1		58.806	66.848	77.236	79.635	87.377		
989	SimCLR_LP-FT	RN50	Redcaps2.7m	REAL	16	0.001	1024	0.1	128	0.0003	128	0.1		42.71	63.188	47.768	60.623	79		
991	SimCLR_LP-FT	RN50	Redcaps2.7m	REAL	16	0.001	1024	0.1	128	0.001	128	0.1		43	65.333	58.174	61.609			
993	SimCLR_LP-FT	RN50	Redcaps2.7m	REAL	16	0.001	1024	0.1	128	0.003	128	0.1		43	65.333	69.884	69.159			
995	SimCLR_LP-FT	RN50	Redcaps2.7m	CLIPART	16	0.001	1024	0.1	128	0.0003	128	0.1		37.101	28.754	35.391	54.754	74.334		
997	SimCLR_LP-FT	RN50	Redcaps2.7m	CLIPART	16	0.001	1024	0.1	128	0.001	128	0.1		39.13	33.971	45.768	54.855	74.793		
999	SimCLR_LP-FT	RN50	Redcaps2.7m	CLIPART	16	0.001	1024	0.1	128	0.003	128	0.1		39.13	42.333	53.406	55.957	74.519		
